Tournament,Player,Nation,Age,Min,Market_value,Shot_Stopping_SoTA,Shot_Stopping_GA,Shot_Stopping_Saves,Shot_Stopping_Save%,Shot_Stopping_PSxG,Launched_Cmp,Launched_Att,Launched_Cmp%,Passes_Att,Passes_Thr,Passes_Launch%,Passes_AvgLen,Goal_Kicks_Att,Goal_Kicks_Launch%,Goal_Kicks_AvgLen,Crosses_Opp,Crosses_Stp,Crosses_Stp%,Sweeper_#OPA,Sweeper_AvgDist
Serie A,Mamadou Samassa,ml MLI,27,90.0,100000,4.809523809523809,1.4761904761904763,3.3333333333333335,70.1047619047619,1.3666666666666667,6.190476190476191,19.714285714285715,33.166666666666664,22.61904761904762,4.714285714285714,51.32857142857142,41.114285714285714,8.761904761904763,90.31904761904761,58.36190476190477,17.38095238095238,1.0,4.961904761904762,1.0,12.542857142857144
Premier League,Ederson,br BRA,28,89.36224489795919,45000000,2.454258675078864,0.7634069400630915,1.7003154574132493,63.55173501577288,0.7659305993690851,2.444794952681388,5.801261829652997,43.920820189274444,26.58044164037855,4.662460567823344,15.813564668769718,26.33880126182966,4.1545741324921135,29.37539432176656,33.04984227129337,7.605678233438486,0.47634069400630913,6.674132492113564,1.5678233438485805,16.546056782334386
Laliga,Juan Carlos,es ESP,34,47.64,300000,4.3,1.8,2.5,64.52000000000001,1.67,2.3,6.4,39.57,27.8,5.1,17.4,28.540000000000003,6.2,22.169999999999998,29.96,12.0,0.6,5.880000000000001,2.1,17.220000000000002
Ligue 1,Landry Bonnefoi,fr FRA,34,68.0,100000,4.25,1.5,2.75,48.35,1.2,4.25,10.5,29.424999999999997,11.25,3.0,42.475,34.775,7.0,56.0,43.775,13.25,0.25,1.475,0.0,6.975
Serie A,Albano Bizzarri,ar ARG,39,89.96875,200000,4.46875,1.625,2.875,63.353125,1.40625,7.90625,18.0,43.659375,24.71875,4.40625,46.68125,38.321875,9.375,70.14375,48.23125,16.40625,0.78125,4.8625,0.9375,13.146875
Serie A,Christian Puggioni,it ITA,36,86.34782608695652,50000,5.130434782608695,1.6521739130434783,3.4782608695652173,65.41304347826087,1.791304347826087,5.913043478260869,14.0,41.44782608695652,25.782608695652176,6.3478260869565215,33.20434782608695,31.852173913043476,8.608695652173912,56.03043478260869,42.608695652173914,15.391304347826088,1.2173913043478262,7.165217391304348,1.565217391304348,14.939130434782612
Serie A,Luca Crosta,it ITA,19,90.0,100000,3.0,3.0,0.0,33.3,2.5,2.0,10.0,20.0,12.0,3.0,25.0,30.8,10.0,70.0,48.3,18.0,0.0,0.0,0.0,8.8
Serie A,Gabriele Marchegiani,it ITA,21,1.0,225000,0.0,0.0,0.0,0.0,0.0,0.0,0.0,0.0,0.0,0.0,0.0,0.0,0.0,0.0,0.0,0.0,0.0,0.0,0.0,0.0
Ligue 1,Rémy Vercoutre,fr FRA,37,88.61764705882354,250000,3.823529411764706,1.3823529411764706,2.5588235294117645,67.37352941176471,1.1617647058823533,9.764705882352942,21.647058823529413,45.658823529411755,23.0,2.823529411764706,64.60000000000001,44.71764705882352,7.352941176470588,86.68529411764706,54.88235294117647,13.647058823529411,0.38235294117647056,2.7558823529411764,0.38235294117647056,11.820588235294117
Ligue 1,Raïs M'Bolhi,dz ALG,31,90.0,250000,6.0,3.0,3.0,83.3,2.3,3.0,14.0,21.4,20.0,2.0,55.0,44.0,4.0,75.0,57.0,9.0,0.0,0.0,0.0,12.0
Laliga,Raúl Fernández,es ESP,29,90.0,300000,4.818181818181818,1.3636363636363635,3.4545454545454546,72.11818181818182,1.481818181818182,9.818181818181818,22.545454545454547,43.76363636363636,20.727272727272727,3.0,68.44545454545454,47.39090909090908,8.636363636363637,93.18181818181819,62.17272727272727,16.818181818181817,0.7272727272727273,4.927272727272728,1.5454545454545454,17.363636363636363
Laliga,Nereo Champagne,ar ARG,33,90.0,50000,4.5,3.0,1.5,33.35,2.35,9.5,21.5,44.4,19.0,2.0,65.1,46.25,9.5,95.85,59.0,10.5,0.5,4.55,1.0,15.1
Ligue 1,Jean-Christophe Bouet,fr FRA,34,90.0,100000,7.0,1.0,6.0,85.7,1.3,7.0,21.0,33.3,17.0,4.0,52.9,40.4,13.0,92.3,55.4,19.0,0.0,0.0,0.0,5.0
Laliga,Dani Giménez,es ESP,34,77.0,100000,2.0,0.0,2.0,50.0,0.37500000000000006,2.0,10.0,26.875,23.5,2.5,26.5,34.4,5.0,35.0,34.6,15.5,0.75,5.575,0.5,9.5
Laliga,Pedro López,es ESP,23,82.4,100000,3.2,1.6,1.6,37.339999999999996,0.9399999999999998,3.0,9.4,43.17999999999999,28.6,4.6,20.0,27.22,7.8,41.12,39.14,10.8,1.0,8.9,1.0,12.1
Laliga,Raúl Lizoain,es ESP,26,90.0,400000,6.0,2.4545454545454546,3.5454545454545454,61.127272727272725,2.0909090909090904,3.8181818181818183,10.545454545454545,45.64545454545454,26.181818181818183,5.818181818181818,21.563636363636366,28.545454545454547,8.545454545454545,52.56363636363637,42.43636363636363,14.272727272727273,0.6363636363636364,7.309090909090909,0.8181818181818182,14.390909090909092
Laliga,Francis Uzoho,ng NGA,18,90.0,450000,4.5,1.0,3.5,91.65,1.45,5.0,18.5,29.65,15.0,3.0,68.65,44.5,9.0,87.5,54.3,18.0,1.0,4.0,0.5,14.75
Premier League,Boaz Myhill,wls WAL,34,90.0,350000,3.0,1.0,2.0,66.7,0.3,7.0,16.0,43.8,12.0,0.0,83.3,50.2,7.0,85.7,53.4,22.0,3.0,13.6,0.0,7.5
Laliga,Roberto Santamaría,es ESP,33,90.0,100000,4.8,1.5,3.35,79.875,1.67,10.95,24.15,45.24499999999999,20.9,1.85,77.39,51.005,8.25,95.19500000000001,63.035000000000004,15.45,0.25,1.86,0.35,8.115
Serie A,Stefano Sorrentino,it ITA,39,89.98550724637681,500000,5.130434782608695,1.7246376811594204,3.420289855072464,67.0927536231884,1.5376811594202897,6.521739130434782,15.681159420289855,42.22028985507246,20.318840579710145,3.9130434782608696,46.20724637681159,37.03623188405796,10.0,62.64347826086956,41.90144927536232,16.768115942028984,0.34782608695652173,2.252173913043478,0.3188405797101449,8.766666666666666
Serie A,Giacomo Poluzzi,it ITA,31,6.0,400000,0.0,0.0,0.0,0.0,0.0,0.0,0.0,0.0,3.0,0.0,0.0,18.7,0.0,0.0,0.0,0.0,0.0,0.0,0.0,17.0
Serie A,Pierluigi Frattali,it ITA,33,90.0,175000,8.0,2.0,7.0,75.0,0.9,5.0,16.0,31.3,24.0,5.0,37.5,35.0,15.0,46.7,37.3,29.0,0.0,0.0,0.0,6.5
Serie A,Rafael Cabral,br BRA,28,90.0,600000,1.0,0.0,1.0,100.0,0.1,5.5,12.0,45.0,22.5,4.0,36.05,34.8,7.0,62.5,46.9,9.5,0.0,0.0,0.5,8.25
Ligue 1,Mathieu Michel,fr FRA,26,85.42857142857143,400000,3.7142857142857144,1.8571428571428572,2.0,51.699999999999996,1.2571428571428573,5.857142857142857,15.571428571428571,39.94285714285714,18.285714285714285,4.571428571428571,49.15714285714286,38.24285714285714,8.428571428571429,65.92857142857143,49.25714285714286,13.714285714285714,0.7142857142857143,5.571428571428571,0.14285714285714285,10.785714285714286
Ligue 1,Erwin Zelazny,fr FRA,26,90.0,325000,5.411764705882353,1.6470588235294117,3.764705882352941,71.41176470588235,1.5176470588235293,8.529411764705882,24.294117647058822,35.57058823529412,28.294117647058822,4.352941176470588,54.694117647058825,40.911764705882355,10.176470588235293,87.83529411764707,57.84117647058823,16.764705882352942,0.5882352941176471,3.182352941176471,0.5294117647058824,9.917647058823531
Premier League,Ben Hamer,eng ENG,30,75.18181818181819,250000,5.0,2.466666666666667,2.6,53.586666666666666,2.3533333333333335,7.466666666666667,19.8,40.940000000000005,21.066666666666666,2.6,62.04,42.82,6.866666666666666,73.76,49.1,10.466666666666667,0.4666666666666667,4.226666666666667,0.8,12.2
Ligue 1,Mathieu Gorgelin,fr FRA,28,90.0,400000,3.857142857142857,1.5714285714285714,2.2857142857142856,50.0,1.2285714285714289,2.857142857142857,6.571428571428571,53.57142857142857,19.714285714285715,4.857142857142857,22.614285714285717,30.385714285714283,6.714285714285714,34.857142857142854,38.15714285714285,14.857142857142858,0.42857142857142855,2.4285714285714284,1.0,14.299999999999999
Premier League,Joel Coleman,eng ENG,23,90.0,300000,3.0,1.0,2.0,66.7,0.5,7.0,29.0,24.1,31.0,0.0,74.2,48.3,6.0,100.0,65.7,12.0,1.0,8.3,1.0,15.8
Premier League,Danny Ward,wls WAL,29,63.70967741935484,8000000,4.7407407407407405,1.7037037037037037,3.037037037037037,69.66666666666667,1.4037037037037037,2.888888888888889,10.333333333333334,28.799999999999997,30.037037037037038,6.555555555555555,25.929629629629634,29.27777777777778,6.925925925925926,31.455555555555552,30.781481481481478,14.185185185185185,0.7037037037037037,4.566666666666666,1.5555555555555556,16.640740740740743
Premier League,Neil Etheridge,ph PHI,28,90.0,600000,5.447368421052632,1.8157894736842106,3.5526315789473686,68.95,1.7921052631578942,8.868421052631579,28.31578947368421,31.81842105263158,23.05263157894737,1.3421052631578947,87.50526315789473,54.31315789473685,8.394736842105264,98.42105263157895,65.17631578947366,14.105263157894736,0.39473684210526316,2.7947368421052636,1.2105263157894737,13.557894736842107
Ligue 1,Jérôme Prior,fr FRA,22,90.0,600000,4.5,1.5,3.0,66.7,1.45,4.5,11.0,40.85,12.5,2.0,52.6,37.75,6.0,75.0,48.1,10.5,0.0,0.0,0.5,12.05
Premier League,Julián Speroni,ar ARG,39,90.0,250000,4.333333333333333,1.5,2.8333333333333335,63.25,1.4083333333333332,8.083333333333334,22.5,37.49999999999999,20.416666666666668,1.75,71.56666666666668,46.19166666666666,8.5,93.15000000000002,56.041666666666664,16.25,0.5833333333333334,3.416666666666666,0.8333333333333334,10.55
Laliga,Jon Ander Serantes,es ESP,28,90.0,150000,8.0,2.0,6.0,75.0,2.7,8.0,26.0,30.8,25.0,1.0,72.0,54.5,8.0,100.0,71.5,9.0,1.0,11.1,0.0,8.0
Laliga,Alberto García,es ESP,33,90.0,100000,5.117647058823529,2.0588235294117645,2.9411764705882355,63.61176470588236,1.9411764705882353,6.352941176470588,15.235294117647058,42.900000000000006,24.41176470588235,4.823529411764706,42.84705882352941,37.6235294117647,8.117647058823529,59.95882352941176,46.07647058823529,15.0,0.29411764705882354,1.6823529411764706,1.0588235294117647,13.770588235294117
Laliga,Asier Riesgo,es ESP,35,90.0,100000,3.4,1.4,2.066666666666667,58.666666666666664,1.2399999999999998,9.2,20.6,44.793333333333344,22.0,2.8666666666666667,66.22666666666667,44.7,6.066666666666666,95.56,62.346666666666664,10.2,0.4666666666666667,4.239999999999999,1.8,16.753333333333334
Laliga,Gorka Iraizoz,es ESP,37,82.75,200000,4.6875,1.4375,3.4375,71.475,1.53125,6.4375,16.75,38.51875,22.6875,5.6875,52.4375,41.525000000000006,7.25,72.98750000000001,51.54375,11.875,0.5625,4.95625,1.0625,11.399999999999999
Serie A,Enrico Alfonso,it ITA,31,69.75,150000,2.75,1.0,1.75,40.0,0.65,2.0,6.75,24.375,13.75,2.25,29.7,25.974999999999998,6.0,21.05,21.4,13.5,0.0,0.0,1.0,13.125
Serie A,Jesse Joronen,fi FIN,26,90.0,1200000,6.241379310344827,2.0344827586206895,4.275862068965517,73.97586206896553,1.8482758620689652,4.758620689655173,13.10344827586207,37.255172413793105,19.96551724137931,5.655172413793103,45.07931034482759,36.72068965517241,9.482758620689655,43.813793103448276,38.39310344827586,18.275862068965516,0.5862068965517241,3.3241379310344823,0.41379310344827586,8.76206896551724
Serie A,Mauro Vigorito,it ITA,29,84.6,150000,5.8,1.8,4.0,76.34,1.7200000000000002,4.2,10.6,31.6,20.0,5.4,34.54,31.68,9.6,34.160000000000004,28.679999999999996,18.0,0.4,1.5399999999999998,0.6,12.7
Serie A,Gabriel,br BRA,26,85.3015873015873,1500000,6.676470588235294,2.235294117647059,4.470588235294118,70.41764705882352,2.070588235294118,3.6470588235294117,9.117647058823529,38.26764705882353,19.0,5.705882352941177,30.714705882352945,31.9264705882353,9.588235294117647,31.579411764705878,30.22941176470588,17.558823529411764,0.7941176470588235,3.814705882352941,0.4411764705882353,10.644117647058824
Serie A,Silvio Proto,be BEL,35,90.0,100000,6.5,2.0,4.5,70.2,2.1500000000000004,8.5,17.5,49.05,21.0,2.5,47.6,40.15,11.0,54.3,42.8,18.5,0.5,2.1,1.0,20.75
Serie A,Andrea Seculin,it ITA,28,45.5,200000,6.0,3.5,2.5,22.75,2.35,3.0,6.5,25.0,9.5,1.5,75.0,52.15,2.5,30.0,23.5,3.0,0.0,0.0,1.0,9.85
Serie A,Salvador Ichazo,uy URU,26,83.66666666666667,400000,3.0,0.6666666666666666,2.3333333333333335,93.33333333333333,0.8666666666666667,8.0,18.333333333333332,46.36666666666667,20.0,3.0,54.46666666666667,41.0,9.0,81.86666666666666,50.06666666666666,14.333333333333334,0.3333333333333333,3.6999999999999997,0.3333333333333333,11.433333333333332
Serie A,Jandrei,br BRA,26,90.0,1000000,3.0,1.0,2.0,66.7,0.9,12.0,23.0,52.2,26.0,3.0,69.2,44.2,6.0,83.3,54.0,10.0,0.0,0.0,1.0,25.0
Serie A,Demba Thiam,sn SEN,22,90.0,350000,8.0,2.0,6.0,81.65,1.6,4.0,10.5,45.65,21.0,5.0,30.950000000000003,31.0,13.5,33.5,27.549999999999997,18.0,1.0,5.6,0.0,10.3
Premier League,Heurelho Gomes,br BRA,36,88.66666666666667,400000,4.04,1.64,2.44,59.368,1.456,8.2,19.88,43.076,23.48,4.72,58.871999999999986,41.672,7.48,74.944,54.876,14.2,0.64,4.236000000000001,0.88,12.347999999999999
Premier League,Artur Boruc,pl POL,38,90.0,50000,5.176470588235294,1.7058823529411764,3.4705882352941178,75.85294117647058,1.3647058823529412,4.588235294117647,14.411764705882353,34.411764705882355,19.823529411764707,5.529411764705882,40.16470588235295,36.65294117647059,9.764705882352942,66.34117647058825,48.45882352941177,18.470588235294116,0.35294117647058826,1.835294117647059,0.6470588235294118,11.188235294117646
Premier League,Michel Vorm,nl NED,34,90.0,800000,6.0,1.8,4.4,60.32000000000001,1.78,2.0,5.6,37.44,23.8,7.2,12.9,24.74,5.8,36.660000000000004,33.68,10.0,0.4,4.4399999999999995,1.2,14.52
Laliga,Iván Cuéllar,es ESP,35,89.9375,100000,3.6770833333333335,1.1875,2.4895833333333335,67.23645833333335,1.1635416666666667,8.708333333333334,23.5,37.66979166666666,23.614583333333332,3.0104166666666665,69.43958333333333,47.70104166666667,7.802083333333333,91.45833333333333,62.12291666666666,14.78125,0.6979166666666666,5.177083333333333,1.1770833333333333,13.547916666666671
Laliga,Juan Soriano,es ESP,22,89.93333333333334,1000000,3.3333333333333335,1.3333333333333333,2.066666666666667,58.84666666666667,1.2866666666666666,4.6,17.333333333333332,27.72666666666667,22.466666666666665,5.733333333333333,51.013333333333335,41.266666666666666,7.133333333333334,76.66,56.75333333333333,11.533333333333333,0.5333333333333333,5.473333333333333,0.8666666666666667,14.033333333333335
Laliga,Miquel Parera,es ESP,24,90.0,700000,5.0,2.0,3.0,60.0,0.6,6.0,12.0,50.0,21.0,3.0,47.6,37.6,4.0,50.0,57.0,12.0,0.0,0.0,0.0,0.0
Ligue 1,Mauro Goicoechea,uy URU,31,89.3,100000,4.8,1.7,3.1,60.23,1.23,6.4,16.9,37.50000000000001,22.4,4.0,48.23,38.019999999999996,9.2,69.17,48.92999999999999,13.6,0.6,4.8100000000000005,1.2,12.56
Laliga,Mariano Barbosa,ar ARG,33,86.53846153846153,100000,3.6923076923076925,1.0769230769230769,2.6153846153846154,71.80000000000001,1.076923076923077,3.5384615384615383,11.692307692307692,25.976923076923075,17.692307692307693,4.384615384615385,30.49230769230769,32.41538461538461,8.076923076923077,74.92307692307692,53.192307692307686,18.692307692307693,0.38461538461538464,1.9153846153846155,0.38461538461538464,10.823076923076924
Laliga,Leandro Chichizola,ar ARG,28,90.0,600000,5.357142857142857,1.7142857142857142,3.6785714285714284,65.72857142857143,1.8285714285714287,5.857142857142857,16.607142857142858,35.72142857142857,33.25,6.357142857142857,37.167857142857144,34.875,8.321428571428571,54.68928571428571,47.40714285714286,13.678571428571429,0.8214285714285714,6.35,2.0357142857142856,15.525000000000002
Laliga,Andrés Prieto,es ESP,24,90.0,400000,5.0,2.5,2.5,64.275,2.575,7.5,22.25,34.375,19.0,0.75,72.875,47.900000000000006,8.25,100.0,63.8,14.25,0.25,1.075,0.0,8.0
Ligue 1,Nicolas Lemaître,fr FRA,23,90.0,600000,4.0,3.0,1.0,50.0,2.3,2.0,7.0,28.6,19.0,4.0,21.1,26.1,8.0,37.5,41.0,14.0,0.0,0.0,0.0,9.0
Ligue 1,Diego Benaglio,ch SUI,35,87.8076923076923,250000,3.923076923076923,1.4615384615384615,2.423076923076923,64.46153846153847,1.3923076923076925,3.8076923076923075,9.73076923076923,37.03846153846153,19.384615384615383,4.8076923076923075,29.66923076923077,30.507692307692306,8.038461538461538,49.49999999999999,41.46923076923077,14.0,0.38461538461538464,3.7038461538461545,0.6153846153846154,10.11923076923077
Ligue 1,Yannis Clementia,mq MTQ,22,90.0,250000,3.5,1.0,2.5,75.0,1.2,2.0,11.0,24.549999999999997,23.5,8.0,27.35,30.799999999999997,7.0,45.0,39.15,16.5,2.0,11.35,0.0,8.15
Ligue 1,Stéphane Ruffier,fr FRA,32,89.59139784946237,2000000,4.247311827956989,1.3010752688172043,2.935483870967742,73.36774193548386,1.3731182795698924,5.0,14.741935483870968,36.187096774193556,23.473118279569892,3.860215053763441,40.441935483870964,35.08602150537634,8.03225806451613,60.37311827956989,43.9516129032258,13.408602150537634,0.5161290322580645,3.7107526881720427,0.5806451612903226,11.466666666666665
Ligue 1,Régis Gurtner,fr FRA,32,90.0,300000,4.62,1.38,3.25,68.725,1.332,8.0,20.9,38.041000000000004,22.22,2.64,56.736000000000004,41.76700000000001,9.26,84.54299999999999,54.974999999999994,15.88,0.54,3.497,0.51,11.584000000000001
Ligue 1,Baptiste Reynet,fr FRA,29,89.06201550387597,800000,5.062015503875969,1.821705426356589,3.2093023255813953,64.84961240310076,1.6317829457364341,7.387596899224806,19.0,38.81395348837209,30.906976744186046,4.5813953488372094,44.846511627906985,37.196124031007756,8.984496124031008,60.94263565891473,46.01550387596899,16.155038759689923,0.6821705426356589,4.021705426356589,1.3875968992248062,13.65658914728682
Ligue 1,Lucas Dias,fr FRA,20,79.25,300000,4.75,1.5,3.25,76.675,1.4500000000000002,6.5,17.75,37.225,15.0,1.0,63.675,42.05,9.5,91.60000000000001,58.925,15.75,0.0,0.0,1.25,10.4
Serie A,Alberto Paleari,it ITA,28,90.0,1000000,3.5,1.0,2.5,66.65,0.8,3.0,10.0,27.1,25.5,5.5,30.549999999999997,32.2,8.0,20.0,25.4,14.0,0.5,2.25,1.0,15.75
Serie A,Stefano Turati,it ITA,18,90.0,2000000,6.0,2.0,4.0,61.1,2.05,3.0,5.0,62.5,19.0,3.5,18.9,24.8,7.0,22.5,24.1,17.0,0.5,3.85,1.5,18.8
Serie A,Simone Colombi,it ITA,29,90.0,250000,4.833333333333333,1.8333333333333333,3.0,71.66666666666667,1.7999999999999998,4.333333333333333,9.0,39.916666666666664,16.666666666666668,3.3333333333333335,35.699999999999996,31.566666666666663,8.833333333333334,33.18333333333334,30.450000000000003,14.666666666666666,0.16666666666666666,1.2833333333333334,0.0,5.866666666666667
Serie A,Marco Festa,it ITA,28,90.0,400000,8.0,1.0,7.0,87.5,0.9,8.0,13.0,61.5,26.0,9.0,30.8,31.1,10.0,50.0,36.7,20.0,0.0,0.0,1.0,11.5
Serie A,Gianluigi Buffon,it ITA,42,89.49090909090908,1000000,3.1818181818181817,0.8545454545454545,2.3636363636363638,72.33636363636364,0.8781818181818183,2.581818181818182,6.036363636363636,42.08545454545454,21.345454545454544,4.781818181818182,17.405454545454546,26.247272727272726,6.781818181818182,23.240000000000002,30.05090909090909,11.763636363636364,0.16363636363636364,1.0854545454545452,0.9272727272727272,13.303636363636363
Serie A,Rafael,br BRA,38,67.43243243243244,200000,3.8947368421052633,1.4210526315789473,2.473684210526316,60.442105263157885,1.342105263157895,5.7368421052631575,13.842105263157896,43.24210526315789,18.842105263157894,2.789473684210526,50.89473684210526,37.61578947368421,8.052631578947368,55.8421052631579,39.69473684210526,15.157894736842104,0.42105263157894735,3.026315789473684,0.42105263157894735,8.252631578947367
Serie A,Karlo Letica,hr CRO,24,90.0,550000,6.0,2.6363636363636362,3.3636363636363638,54.56363636363637,1.7272727272727275,5.090909090909091,14.545454545454545,32.53636363636363,22.545454545454547,5.545454545454546,41.31818181818181,35.872727272727275,9.090909090909092,48.41818181818182,40.35454545454546,16.818181818181817,0.45454545454545453,2.4181818181818184,0.36363636363636365,8.445454545454545
Premier League,David Button,eng ENG,31,90.0,350000,4.666666666666667,1.3333333333333333,3.3333333333333335,84.45555555555555,1.1222222222222225,6.888888888888889,22.77777777777778,30.38888888888889,19.555555555555557,2.0,68.72222222222223,46.333333333333336,9.444444444444445,98.41111111111111,65.0888888888889,16.444444444444443,0.5555555555555556,4.033333333333333,0.4444444444444444,11.955555555555556
Laliga,Alberto Cifuentes,es ESP,41,90.0,100000,3.0,1.5,1.0,70.0,1.4500000000000002,11.0,30.0,38.4,26.5,1.5,84.45,53.8,7.5,100.0,63.15,16.0,0.0,0.0,2.0,13.5
Laliga,Andrés Fernández,es ESP,33,88.44827586206897,600000,3.8620689655172415,1.4482758620689655,2.4827586206896552,67.76896551724138,1.313793103448276,5.206896551724138,13.931034482758621,37.665517241379305,25.620689655172413,4.068965517241379,37.851724137931036,33.87241379310345,8.241379310344827,52.08620689655172,41.12758620689655,16.275862068965516,0.3448275862068966,2.203448275862069,0.896551724137931,12.079310344827585
Laliga,Roberto,es ESP,33,89.171875,500000,4.816901408450704,1.676056338028169,3.1549295774647885,66.88873239436619,1.7661971830985919,7.492957746478873,21.197183098591548,36.00281690140845,21.56338028169014,2.5492957746478875,67.56760563380281,47.05492957746478,7.52112676056338,87.75633802816901,59.44084507042254,13.647887323943662,0.4507042253521127,3.3028169014084505,0.7464788732394366,11.130985915492955
Premier League,Simon Moore,eng ENG,29,90.0,300000,5.5,3.0,2.5,45.0,2.25,5.0,19.5,25.4,18.5,2.0,76.2,51.400000000000006,5.5,100.0,69.35,10.0,0.0,0.0,0.0,6.0
Ligue 1,Paul Delecroix,gw GNB,31,68.0,200000,3.0,2.0,1.0,70.0,1.05,7.0,15.0,47.3,16.5,2.5,67.2,44.0,5.5,81.25,57.5,5.5,0.0,0.0,1.0,13.25
Ligue 1,Anthony Racioppi,ch SUI,21,90.0,1000000,4.428571428571429,1.5714285714285714,2.8095238095238093,63.06666666666667,1.580952380952381,4.619047619047619,14.142857142857142,31.45714285714286,22.476190476190474,4.904761904761905,38.58095238095238,34.25238095238095,8.428571428571429,66.47142857142858,47.64761904761905,15.714285714285714,0.3333333333333333,1.5523809523809522,0.6190476190476191,9.604761904761904
Ligue 1,Saturnin Allagbé,bj BEN,26,90.0,400000,5.5,2.5,3.0,58.65833333333334,1.6916666666666664,5.5,15.583333333333334,36.06666666666667,24.75,5.833333333333333,40.666666666666664,35.21666666666667,8.75,62.40833333333334,44.59166666666667,13.833333333333334,0.4166666666666667,2.55,1.4166666666666667,14.575000000000001
Laliga,Miguel Ángel Moyá,es ESP,35,88.60606060606061,800000,3.5454545454545454,1.0606060606060606,2.484848484848485,67.8090909090909,1.0484848484848484,6.666666666666667,13.06060606060606,53.72424242424242,28.363636363636363,3.515151515151515,29.62424242424243,32.27575757575758,7.484848484848484,63.07272727272728,43.14848484848484,13.242424242424242,0.6363636363636364,4.642424242424242,1.7878787878787878,16.933333333333334
Ligue 1,Yohann Pelé,fr FRA,38,75.45454545454545,250000,2.909090909090909,1.1818181818181819,1.6818181818181819,61.972727272727276,1.0363636363636364,3.3636363636363638,7.7727272727272725,40.82727272727272,18.727272727272727,4.363636363636363,28.672727272727272,30.781818181818178,6.136363636363637,43.49545454545454,37.33181818181817,9.772727272727273,0.5,4.545454545454545,1.0454545454545454,12.663636363636364
Laliga,Álvaro Fernández,es ESP,23,90.0,3000000,4.866666666666666,1.6666666666666667,3.2888888888888888,64.89333333333333,1.48,5.488888888888889,15.4,37.13333333333334,30.711111111111112,5.022222222222222,37.67333333333334,34.531111111111116,7.555555555555555,45.348888888888894,37.72666666666667,14.222222222222221,0.5777777777777777,3.9577777777777783,1.2444444444444445,14.926666666666666
Ligue 1,Ludovic Butelle,fr FRA,36,89.27160493827161,100000,3.8518518518518516,1.2592592592592593,2.617283950617284,64.77654320987654,1.1580246913580245,5.530864197530864,15.209876543209877,37.97283950617284,19.641975308641975,4.728395061728395,45.55185185185186,37.453086419753085,7.8765432098765435,77.25925925925925,51.441975308641986,13.555555555555555,0.6666666666666666,4.32962962962963,0.9876543209876543,12.32716049382716
Ligue 1,Yoan Cardinale,fr FRA,24,90.0,300000,4.076923076923077,1.6923076923076923,2.4615384615384617,66.20769230769231,1.3076923076923077,3.0,6.153846153846154,39.3,19.923076923076923,4.384615384615385,12.0,24.78461538461538,8.307692307692308,35.300000000000004,37.830769230769235,11.384615384615385,0.38461538461538464,3.076923076923077,0.7692307692307693,13.63846153846154
Ligue 1,Matthieu Dreyer,fr FRA,32,90.0,300000,3.6451612903225805,1.6129032258064515,2.064516129032258,61.71290322580645,1.2967741935483872,4.451612903225806,12.612903225806452,35.696774193548386,17.129032258064516,2.903225806451613,40.254838709677415,36.1741935483871,7.774193548387097,69.86451612903227,47.31935483870968,13.774193548387096,0.1935483870967742,1.3870967741935485,0.5161290322580645,11.683870967741935
Premier League,Will Norris,eng ENG,27,60.333333333333336,200000,2.0,1.3333333333333333,0.6666666666666666,22.233333333333334,0.3,6.666666666666667,16.0,29.03333333333333,13.0,0.3333333333333333,55.23333333333333,36.13333333333333,6.0,59.26666666666667,41.9,9.0,0.6666666666666666,3.6999999999999997,0.3333333333333333,7.266666666666667
Premier League,Bailey Peacock-Farrell,nir NIR,24,90.0,900000,6.0,3.1666666666666665,2.8333333333333335,45.833333333333336,1.9500000000000002,10.833333333333334,22.666666666666668,48.51666666666667,19.833333333333332,1.3333333333333333,79.76666666666667,49.35,7.166666666666667,95.36666666666667,66.38333333333334,12.666666666666666,0.0,0.0,1.1666666666666667,12.1
Ligue 1,Arthur Desmas,fr FRA,27,86.93333333333334,1200000,4.4,2.2,2.2666666666666666,47.93333333333333,1.4933333333333332,2.1333333333333333,8.866666666666667,21.873333333333335,20.133333333333333,3.533333333333333,26.18,29.740000000000002,7.466666666666667,36.65333333333333,31.453333333333333,10.6,0.3333333333333333,3.6599999999999997,0.26666666666666666,6.640000000000001
Ligue 1,Alexandre Oukidja,dz ALG,33,88.62626262626263,600000,4.222222222222222,1.3838383838383839,2.8484848484848486,69.02525252525253,1.272727272727273,6.707070707070707,18.13131313131313,37.53939393939394,22.383838383838384,4.848484848484849,51.74444444444443,40.74747474747474,7.98989898989899,77.78888888888888,54.92525252525253,15.737373737373737,1.2323232323232323,8.155555555555555,1.3333333333333333,13.662626262626262
Ligue 1,Marc-Aurèle Caillard,fr FRA,27,84.28888888888889,700000,4.511111111111111,1.6444444444444444,2.8444444444444446,65.96444444444445,1.4822222222222219,6.0,15.466666666666667,36.871111111111105,16.133333333333333,3.8666666666666667,48.44888888888889,39.26666666666666,8.244444444444444,83.42666666666666,56.01555555555555,13.177777777777777,0.6,4.144444444444445,0.4222222222222222,10.222222222222223
Serie A,Daniel Fuzato,br BRA,23,90.0,1000000,4.666666666666667,1.3333333333333333,3.3333333333333335,72.73333333333333,1.0000000000000002,3.3333333333333335,10.833333333333334,27.733333333333334,26.0,5.833333333333333,31.116666666666664,33.56666666666666,6.666666666666667,37.78333333333333,37.03333333333334,10.666666666666666,0.8333333333333334,6.866666666666667,0.5,8.25
Serie A,Luca Lezzerini,it ITA,26,82.5,500000,6.5,1.5,5.0,58.88333333333333,1.55,3.6666666666666665,9.833333333333334,45.699999999999996,25.833333333333332,6.5,27.48333333333333,30.183333333333337,7.333333333333333,34.1,31.25,16.666666666666668,0.3333333333333333,1.7833333333333332,0.5,7.466666666666666
Serie A,Niki Mäenpää,fi FIN,37,87.3529411764706,100000,4.9411764705882355,1.588235294117647,3.3529411764705883,70.02941176470588,1.6588235294117648,4.117647058823529,13.0,31.294117647058822,22.294117647058822,4.352941176470588,45.73529411764706,36.794117647058826,8.411764705882353,41.911764705882355,36.65882352941176,16.176470588235293,0.35294117647058826,2.2941176470588234,0.5882352941176471,9.841176470588236
Serie A,Sergio Romero,ar ARG,34,90.0,400000,6.352941176470588,1.9411764705882353,4.529411764705882,74.03529411764706,1.8411764705882352,5.647058823529412,14.705882352941176,38.66470588235294,27.11764705882353,6.176470588235294,39.87647058823529,35.22941176470588,8.764705882352942,45.25882352941177,38.17647058823529,16.647058823529413,0.8823529411764706,5.547058823529411,0.6470588235294118,10.823529411764707
Serie A,Antonio Santurro,do DOM,26,90.0,50000,5.0,1.0,4.0,80.0,1.1,15.0,37.0,40.5,31.0,4.0,71.0,47.5,15.0,100.0,57.1,25.0,2.0,8.0,1.0,11.5
Serie A,Manuel Gasparini,it ITA,19,3.0,250000,0.0,0.0,0.0,0.0,0.0,1.0,1.0,100.0,1.0,0.0,100.0,44.0,1.0,0.0,15.0,0.0,0.0,0.0,0.0,0.0
Serie A,Simone Scuffet,it ITA,24,90.0,1200000,4.333333333333333,1.6666666666666667,2.6666666666666665,62.82,1.4999999999999998,6.2,15.533333333333333,41.593333333333334,19.0,3.8,45.32000000000001,36.306666666666665,9.133333333333333,72.16666666666667,47.27333333333334,14.933333333333334,0.13333333333333333,0.7933333333333332,0.4,7.0600000000000005
Serie A,Giacomo Satalino,it ITA,23,8.0,200000,1.0,0.0,1.0,100.0,0.8,0.0,0.0,0.0,0.0,0.0,0.0,0.0,1.0,0.0,22.0,1.0,0.0,0.0,0.0,0.0
Serie A,Guido Guerrieri,it ITA,23,90.0,75000,4.0,3.0,1.0,25.0,2.0,2.0,8.0,25.0,26.0,8.0,15.4,27.3,9.0,44.4,40.7,16.0,0.0,0.0,2.0,16.0
Serie A,Vid Belec,si SVN,31,85.02631578947368,500000,5.894736842105263,2.1315789473684212,3.8421052631578947,63.223684210526315,1.9526315789473685,5.473684210526316,14.026315789473685,38.071052631578944,19.105263157894736,4.105263157894737,49.402631578947364,38.96315789473684,8.052631578947368,63.33157894736843,45.942105263157885,15.078947368421053,0.6578947368421053,5.2736842105263175,0.7105263157894737,10.802631578947366
Serie A,Boris Radunović,rs SRB,25,90.0,600000,5.333333333333333,2.1666666666666665,3.0,66.38333333333334,2.1,5.666666666666667,15.833333333333334,35.9,19.833333333333332,3.3333333333333335,47.13333333333333,38.86666666666667,7.0,75.45,53.449999999999996,10.833333333333334,0.16666666666666666,2.3833333333333333,0.3333333333333333,15.616666666666667
Serie A,Lorenzo Andrenacci,it ITA,25,88.5,150000,7.333333333333333,2.6666666666666665,4.666666666666667,61.550000000000004,2.1333333333333333,4.0,10.0,44.25,16.0,7.5,28.883333333333336,32.166666666666664,11.0,47.26666666666667,39.36666666666667,16.333333333333332,0.5,3.9666666666666663,0.16666666666666666,8.466666666666667
Serie A,David Ospina,co COL,33,87.63953488372093,4500000,3.2045454545454546,0.9090909090909091,2.3068181818181817,70.30113636363636,0.8738636363636364,2.590909090909091,6.6477272727272725,41.74545454545455,25.170454545454547,3.8295454545454546,20.75227272727273,28.21704545454546,4.875,23.69204545454545,27.33863636363636,11.761363636363637,0.7045454545454546,6.793181818181818,0.8863636363636364,13.101136363636362
Serie A,Antonio Rosati,it ITA,37,90.0,100000,5.0,1.0,4.0,80.0,0.4,9.0,16.0,56.3,20.0,6.0,35.0,30.9,15.0,60.0,40.9,13.0,0.0,0.0,0.0,9.3
Premier League,John Ruddy,eng ENG,35,63.2,300000,2.7777777777777777,0.8888888888888888,1.8888888888888888,52.22222222222222,0.8777777777777778,1.0,5.0,13.788888888888888,10.0,3.3333333333333335,51.077777777777776,41.56666666666667,5.0,33.96666666666667,35.12222222222222,8.777777777777779,1.0,7.833333333333333,0.2222222222222222,9.466666666666667
Premier League,Angus Gunn,eng ENG,26,90.0,3000000,5.125,1.9791666666666667,3.1041666666666665,68.27708333333332,1.6104166666666666,5.0625,18.458333333333332,29.266666666666666,19.708333333333332,2.8333333333333335,64.3,43.23125000000001,8.0,77.91666666666667,53.491666666666674,15.375,0.3958333333333333,2.5833333333333335,1.1458333333333333,13.920833333333333
Premier League,Michael McGovern,nir NIR,35,79.5,200000,4.666666666666667,2.3333333333333335,2.0,19.433333333333334,1.7,2.0,11.0,18.2,19.0,5.0,43.73333333333333,35.00000000000001,6.333333333333333,41.46666666666667,30.7,11.666666666666666,0.0,0.0,2.0,17.46666666666667
Premier League,Tim Krul,nl NED,34,90.0,1000000,5.639175257731959,2.1030927835051547,3.556701030927835,66.23092783505155,1.7577319587628866,4.484536082474227,14.70103092783505,29.354639175257734,32.618556701030926,5.546391752577319,35.052577319587634,34.2979381443299,8.041237113402062,39.82680412371135,37.021649484536084,16.577319587628867,0.5773195876288659,3.998969072164948,0.6804123711340206,12.002061855670101
Premier League,Rob Elliot,ie IRL,31,90.0,200000,4.0,1.3125,2.6875,64.5625,1.18125,9.625,23.1875,41.31875,23.625,2.875,65.21875,44.631249999999994,9.9375,82.9125,56.05625,16.125,0.9375,5.66875,0.9375,12.30625
Premier League,Ben Foster,eng ENG,39,90.0,300000,4.5636363636363635,1.6636363636363636,2.940909090909091,64.12772727272727,1.4931818181818182,8.463636363636363,24.62727272727273,35.47545454545455,24.072727272727274,2.672727272727273,70.03545454545454,46.720454545454544,8.25909090909091,92.84909090909092,63.11454545454546,15.922727272727272,0.8363636363636363,5.285454545454546,1.4545454545454546,15.408636363636361
Premier League,Daniel Bachmann,at AUT,27,90.0,2500000,5.913043478260869,2.391304347826087,3.6956521739130435,52.69130434782609,1.982608695652174,6.043478260869565,17.565217391304348,35.02608695652174,22.695652173913043,3.652173913043478,55.97391304347826,41.76521739130435,7.173913043478261,73.57391304347826,50.008695652173905,15.304347826086957,0.6086956521739131,5.104347826086956,1.0434782608695652,11.299999999999999
Laliga,Luca Zidane,fr FRA,23,82.5,2000000,4.4,1.7,2.7,53.8,1.56,4.5,10.4,34.33,22.7,5.0,27.689999999999998,29.65,7.2,45.11,39.519999999999996,10.8,1.1,9.940000000000001,0.8,10.739999999999998
Premier League,Zack Steffen,us USA,26,90.0,4500000,5.421052631578948,1.9473684210526316,3.473684210526316,64.04736842105264,1.7684210526315793,6.842105263157895,16.105263157894736,40.30526315789474,27.68421052631579,5.894736842105263,38.857894736842105,35.410526315789475,8.368421052631579,59.62105263157895,47.36842105263158,15.157894736842104,0.7368421052631579,3.6578947368421053,1.0,11.394736842105262
Premier League,Lee Grant,eng ENG,34,90.0,250000,5.0,2.3333333333333335,2.6666666666666665,50.13333333333333,1.5666666666666667,8.333333333333334,20.0,40.1,23.0,4.666666666666667,59.43333333333334,43.1,7.666666666666667,82.73333333333333,58.03333333333333,13.0,0.3333333333333333,2.566666666666667,1.3333333333333333,20.5
Laliga,Matías Dituro,ar ARG,34,90.0,1000000,3.5789473684210527,1.131578947368421,2.3947368421052633,68.0763157894737,1.142105263157895,7.973684210526316,21.157894736842106,38.821052631578944,30.94736842105263,3.4473684210526314,50.636842105263156,40.218421052631584,7.447368421052632,71.0078947368421,51.92105263157895,11.894736842105264,0.9473684210526315,7.776315789473686,0.9736842105263158,13.560526315789472
Laliga,Jokin Ezkieta,es ESP,24,90.0,300000,3.0,2.0,1.0,33.3,1.5,1.0,4.0,25.0,18.0,6.0,11.1,26.2,7.0,28.6,30.4,16.0,0.0,0.0,2.0,30.5
Laliga,Diego López,es ESP,40,89.02479338842976,500000,4.363636363636363,1.4132231404958677,2.9834710743801653,68.11404958677686,1.387603305785124,5.446280991735537,15.090909090909092,37.126446280991736,22.8099173553719,4.148760330578512,43.42148760330578,37.23553719008264,8.537190082644628,58.38512396694215,44.57933884297521,15.884297520661157,0.7355371900826446,4.79504132231405,0.9504132231404959,13.342148760330577
Laliga,Rubén Yáñez,es ESP,27,90.0,1000000,3.0,1.2,1.8,76.92,1.09,7.9,18.3,41.81,20.3,3.3,62.35,43.28,6.8,73.91,50.910000000000004,12.7,0.5,4.51,0.4,10.65
Premier League,Karl Darlow,eng ENG,30,90.0,1800000,5.015625,1.734375,3.359375,65.40937500000001,1.4812500000000002,7.484375,20.28125,37.6421875,21.53125,3.71875,62.734375,44.256249999999994,8.171875,79.115625,54.4875,15.40625,0.703125,4.589062500000001,0.359375,8.890625
Premier League,Freddie Woodman,eng ENG,24,90.0,6000000,6.0,3.3333333333333335,2.3333333333333335,49.98333333333334,2.3666666666666667,6.333333333333333,16.666666666666668,36.5,21.0,2.5,45.416666666666664,36.333333333333336,9.0,61.36666666666667,46.116666666666674,13.666666666666666,0.6666666666666666,4.45,0.0,4.916666666666667
Laliga,Aarón Escandell,es ESP,25,83.66666666666667,1000000,4.5,1.4166666666666667,3.0833333333333335,70.75000000000001,1.4500000000000002,8.083333333333334,22.916666666666668,37.55833333333334,26.333333333333332,4.0,68.48333333333333,46.875,8.0,75.81666666666668,54.775,12.083333333333334,0.5833333333333334,3.766666666666667,1.9166666666666667,13.491666666666667
Laliga,Oier Olazábal,es ESP,32,89.11764705882354,300000,5.254901960784314,1.5686274509803921,3.7450980392156863,72.41960784313726,1.5901960784313727,5.862745098039215,16.529411764705884,35.403921568627446,18.352941176470587,3.823529411764706,52.280392156862746,41.772549019607844,9.235294117647058,72.61960784313726,50.703921568627464,15.92156862745098,0.8235294117647058,5.788235294117648,0.7254901960784313,11.717647058823527
Laliga,Antonio Sivera,es ESP,25,79.16666666666667,1000000,3.0,0.9166666666666666,2.0833333333333335,50.53333333333333,0.8916666666666666,8.333333333333334,19.75,41.458333333333336,17.833333333333332,2.9166666666666665,69.175,46.45000000000001,9.333333333333334,85.075,57.38333333333333,16.333333333333332,0.5,5.5,0.5,8.991666666666665
Laliga,Jesús Owono,gq EQG,20,90.0,200000,4.0,1.0,3.0,75.0,0.8,9.0,21.0,42.9,20.0,2.0,90.0,53.3,3.0,100.0,68.3,8.0,0.0,0.0,2.0,17.6
Laliga,Juan Pérez,es ESP,25,90.0,600000,3.0,1.2857142857142858,1.8571428571428572,54.285714285714285,0.942857142857143,5.714285714285714,17.0,34.614285714285714,20.0,3.4285714285714284,50.82857142857142,42.214285714285715,7.428571428571429,82.14285714285714,58.65714285714286,12.571428571428571,0.14285714285714285,1.3,1.8571428571428572,11.471428571428572
Premier League,David Martin,eng ENG,33,87.2,250000,4.333333333333333,1.2222222222222223,3.111111111111111,67.72222222222223,1.2333333333333334,8.11111111111111,20.11111111111111,37.02222222222222,15.333333333333334,2.2222222222222223,75.42222222222222,46.99999999999999,8.444444444444445,98.14444444444445,61.5,16.666666666666668,0.2222222222222222,0.8888888888888888,0.2222222222222222,15.600000000000001
Laliga,Manolo Reina,es ESP,36,90.0,200000,4.456140350877193,1.5087719298245614,2.9473684210526314,68.69122807017543,1.556140350877193,6.684210526315789,17.56140350877193,38.39473684210526,23.526315789473685,4.2631578947368425,52.959649122807015,39.973684210526315,8.666666666666666,56.92456140350877,45.34736842105263,14.964912280701755,0.7017543859649122,5.0,0.6491228070175439,10.97017543859649
Laliga,Koke Vegas,es ESP,25,90.0,300000,6.0,2.0,4.0,68.34,1.98,3.6,11.8,33.22,19.4,4.4,42.86,36.82000000000001,9.4,36.42,34.339999999999996,16.0,0.0,0.0,1.6,13.940000000000001
Ligue 1,Orestis Karnezis,gr GRE,33,87.58333333333333,500000,3.5806451612903225,1.3548387096774193,2.225806451612903,64.52580645161291,1.1967741935483873,6.870967741935484,18.967741935483872,36.04838709677419,21.838709677419356,2.6451612903225805,63.258064516129025,43.52903225806452,5.806451612903226,84.2741935483871,55.222580645161294,12.129032258064516,0.6774193548387096,6.277419354838711,0.6774193548387096,12.751612903225807
Ligue 1,Sébastien Cibois,fr FRA,22,90.0,400000,3.6666666666666665,1.3333333333333333,2.3333333333333335,48.800000000000004,1.2666666666666666,4.666666666666667,12.0,36.1,23.0,4.0,38.699999999999996,35.800000000000004,7.333333333333333,44.56666666666666,39.53333333333333,17.0,0.3333333333333333,1.2,1.0,14.866666666666667
Ligue 1,Gautier Larsonneur,fr FRA,23,89.45901639344262,3000000,4.868852459016393,1.540983606557377,3.3114754098360657,70.04754098360655,1.5344262295081967,5.0,12.311475409836065,41.82950819672132,28.24590163934426,5.245901639344262,32.2983606557377,33.967213114754095,8.37704918032787,34.2983606557377,34.48524590163935,16.131147540983605,0.7377049180327869,4.316393442622951,0.8524590163934426,12.96065573770492
Ligue 1,Stefan Bajic,fr FRA,19,76.66666666666667,1500000,3.888888888888889,2.0,1.8888888888888888,51.67777777777778,1.6444444444444446,3.6666666666666665,10.333333333333334,33.58888888888889,20.22222222222222,5.888888888888889,30.95555555555556,31.411111111111115,6.555555555555555,63.21111111111111,45.43333333333334,12.333333333333334,0.4444444444444444,2.7222222222222223,1.7777777777777777,16.71111111111111
Ligue 1,Etienne Green,eng ENG,21,83.34782608695652,5000000,4.130434782608695,1.5217391304347827,2.652173913043478,62.039130434782614,1.517391304347826,4.782608695652174,12.782608695652174,41.30434782608695,19.08695652173913,4.086956521739131,40.92608695652174,36.160869565217396,7.782608695652174,65.02608695652175,49.38695652173912,12.695652173913043,0.4782608695652174,3.773913043478261,0.9130434782608695,13.352173913043476
Ligue 1,Gaëtan Poussin,fr FRA,23,90.0,1200000,4.428571428571429,2.0714285714285716,2.357142857142857,58.67142857142857,1.4714285714285713,5.928571428571429,15.785714285714286,41.57857142857142,28.214285714285715,4.071428571428571,37.25714285714285,33.38571428571428,8.857142857142858,55.192857142857136,40.49285714285715,15.214285714285714,0.7142857142857143,9.385714285714286,2.857142857142857,15.55
Ligue 1,Alfred Gomis,sn SEN,24,87.8974358974359,3000000,4.0256410256410255,1.2820512820512822,2.786324786324786,65.69658119658119,1.2170940170940174,5.6581196581196584,14.64102564102564,38.7008547008547,25.205128205128204,5.136752136752137,39.169230769230765,34.98376068376068,7.572649572649572,57.33162393162393,44.3957264957265,14.444444444444445,0.6324786324786325,4.534188034188033,0.9914529914529915,13.288034188034189
Serie A,Marco Carnesecchi,it ITA,22,90.0,8000000,4.333333333333333,1.1666666666666667,3.1666666666666665,68.06666666666666,1.3666666666666665,3.8333333333333335,13.666666666666666,26.916666666666668,22.833333333333332,6.0,46.25,40.76666666666667,5.833333333333333,55.0,49.599999999999994,10.166666666666666,0.8333333333333334,7.116666666666667,0.16666666666666666,5.416666666666667
Ligue 1,Ghjuvanni Quilichini,fr FRA,20,82.0,200000,4.0,0.0,4.0,100.0,0.8,6.0,24.0,25.0,26.0,2.0,61.5,43.8,8.0,100.0,61.0,25.0,2.0,8.0,0.0,7.5
Ligue 1,François-Joseph Sollacaro,fr FRA,28,90.0,300000,3.0,3.0,0.0,0.0,2.1,0.0,2.0,0.0,10.0,3.0,20.0,28.6,3.0,0.0,23.0,10.0,0.0,0.0,0.0,14.7
Ligue 1,Benjamin Leroy,fr FRA,33,84.14285714285714,600000,4.0,1.5,2.5,62.24285714285715,1.2,5.428571428571429,14.142857142857142,37.15714285714286,17.928571428571427,2.4285714285714284,48.800000000000004,35.47142857142857,5.785714285714286,73.67142857142858,47.26428571428572,9.928571428571429,0.5,5.964285714285714,1.7857142857142858,17.04285714285714
Serie A,Petar Zovko,ba BIH,20,29.0,100000,0.0,0.0,0.0,0.0,0.0,1.0,4.0,25.0,8.0,3.0,37.5,35.9,2.0,50.0,35.0,4.0,0.0,0.0,2.0,28.5
Serie A,Federico Marchetti,it ITA,37,90.0,100000,5.0,3.0,2.142857142857143,37.58571428571428,2.2571428571428567,4.0,10.0,26.314285714285713,23.714285714285715,3.7142857142857144,29.514285714285712,30.44285714285714,8.571428571428571,47.85714285714287,38.728571428571435,12.428571428571429,0.14285714285714285,1.5857142857142856,1.7142857142857142,14.114285714285714
Serie A,Jeroen Zoet,nl NED,31,85.6875,500000,4.875,2.0,2.8125,60.39375,1.4874999999999998,4.375,13.0,34.449999999999996,31.75,5.6875,33.556250000000006,33.10625,5.75,41.05625,39.15625,11.6875,0.5625,4.612500000000001,1.125,12.93125
Serie A,Samir Ujkani,xk KVX,32,90.0,200000,4.5,2.0,2.5,66.7,1.3499999999999999,4.0,9.0,43.1,31.0,3.5,26.8,31.4,7.0,6.25,25.9,15.5,0.0,0.0,0.5,13.25
Serie A,Guglielmo Vicario,it ITA,25,90.0,12000000,5.333333333333333,1.6666666666666667,3.719298245614035,70.00000000000001,1.594736842105263,4.017543859649122,11.701754385964913,36.96491228070175,29.54385964912281,5.684210526315789,29.319298245614032,31.18421052631579,6.43859649122807,41.6280701754386,37.54736842105263,17.263157894736842,1.0175438596491229,6.389473684210526,0.8070175438596491,12.170175438596493
Serie A,Nicola Ravaglia,it ITA,33,5.0,100000,1.0,1.0,0.0,100.0,1.0,2.0,4.0,50.0,2.0,0.0,100.0,57.0,2.0,100.0,65.5,1.0,0.0,0.0,0.0,0.0
Serie A,Emil Audero,it ITA,25,89.67320261437908,6000000,4.483660130718954,1.5686274509803921,2.9411764705882355,64.33464052287582,1.3836601307189542,5.248366013071895,14.006535947712418,38.66928104575163,24.862745098039216,4.470588235294118,37.340522875816994,34.28823529411765,7.57516339869281,57.126797385620925,42.7718954248366,15.431372549019608,0.5620915032679739,3.7130718954248367,1.0130718954248366,13.612418300653594
Serie A,Vincenzo Fiorillo,it ITA,31,90.0,300000,8.0,5.0,3.0,37.5,2.7,11.0,17.0,64.7,19.0,4.0,36.8,36.4,12.0,83.3,50.8,16.0,0.0,0.0,0.0,4.0
Serie A,Alessandro Berardi,it ITA,31,59.0,50000,4.0,1.5,2.5,78.55,1.15,4.5,14.0,38.35,15.0,2.0,61.800000000000004,41.35,5.5,100.0,62.6,9.0,0.0,0.0,0.0,4.5
Serie A,Lorenzo Montipò,it ITA,26,90.0,4000000,4.569767441860465,1.7790697674418605,2.86046511627907,58.376744186046515,1.4523255813953488,5.906976744186046,16.38372093023256,37.259302325581395,23.75581395348837,4.034883720930233,51.54418604651162,40.127906976744185,7.244186046511628,58.61046511627907,43.28604651162791,15.267441860465116,0.5348837209302325,3.8372093023255807,0.9651162790697675,12.04767441860465
Serie A,Luigi Sepe,it ITA,31,89.65467625899281,1500000,5.223021582733813,1.6978417266187051,3.539568345323741,69.57122302158274,1.5712230215827339,7.676258992805756,16.633093525179856,47.07338129496403,25.74820143884892,4.0,44.26474820143885,37.475539568345326,9.611510791366907,50.82589928057554,39.82446043165468,18.093525179856115,0.7122302158273381,3.9705035971223026,0.5107913669064749,10.712230215827338
Serie A,Federico Brancolini,it ITA,19,6.0,200000,0.0,0.0,0.0,0.0,0.0,1.0,1.0,100.0,2.0,0.0,0.0,24.0,1.0,100.0,66.0,0.0,0.0,0.0,0.0,18.0
Serie A,Wladimiro Falcone,it ITA,27,88.33333333333333,3500000,4.962962962962963,1.3333333333333333,3.7037037037037037,74.95185185185184,1.3222222222222224,5.185185185185185,16.62962962962963,34.666666666666664,26.37037037037037,4.407407407407407,42.11111111111112,36.31481481481482,7.555555555555555,72.11851851851853,48.785185185185185,15.962962962962964,0.7037037037037037,4.2555555555555555,0.6296296296296297,10.91111111111111
Serie A,Daniele Padelli,it ITA,36,83.57142857142857,300000,4.428571428571429,1.8571428571428572,2.5714285714285716,63.471428571428575,1.7142857142857142,2.142857142857143,8.428571428571429,21.25714285714286,23.857142857142858,4.857142857142857,24.985714285714284,28.871428571428574,7.142857142857143,26.642857142857142,30.285714285714285,16.571428571428573,0.42857142857142855,2.0142857142857147,0.7142857142857143,12.114285714285714
Serie A,Marco Silvestri,it ITA,31,90.0,5000000,4.231404958677686,1.3140495867768596,2.950413223140496,71.49421487603306,1.2479338842975205,5.140495867768595,16.570247933884296,32.22066115702479,19.694214876033058,2.71900826446281,54.06611570247934,40.110743801652895,8.239669421487603,66.4603305785124,47.59338842975207,14.074380165289256,0.38016528925619836,2.665289256198347,0.4297520661157025,10.709090909090909
Serie A,Nicola Bagnolini,it ITA,18,3.0,200000,1.0,0.0,1.0,100.0,0.2,0.0,4.0,0.0,3.0,0.0,100.0,61.0,1.0,100.0,60.0,3.0,0.0,0.0,0.0,0.0
Serie A,Federico Ravaglia,it ITA,21,90.0,450000,4.75,2.5,2.5,45.25,1.7750000000000001,2.0,5.75,39.1,28.5,4.25,14.5,24.525,5.75,17.5,21.975,8.25,0.0,0.0,2.0,26.725
Serie A,Francesco Bardi,it ITA,30,89.4,500000,4.2,1.4,2.8,50.08,1.3,3.6,11.8,28.04,18.8,4.2,44.040000000000006,34.3,5.6,43.36,32.12,11.6,1.0,10.58,0.0,6.26
Serie A,Salvatore Sirigu,it ITA,35,89.5965909090909,800000,4.5227272727272725,1.4602272727272727,3.0511363636363638,68.78863636363636,1.3744318181818185,6.721590909090909,15.363636363636363,44.23068181818182,24.079545454545453,3.5454545454545454,41.42215909090908,35.44147727272727,8.392045454545455,60.23636363636364,42.403977272727275,15.3125,0.5909090909090909,3.75,0.8011363636363636,12.752272727272725
Serie A,Pietro Terracciano,it ITA,32,88.27692307692308,2000000,3.3846153846153846,1.2769230769230768,2.1538461538461537,55.15384615384615,1.066153846153846,4.984615384615385,12.876923076923077,39.895384615384614,32.49230769230769,4.4,33.87384615384616,33.40153846153846,6.415384615384616,33.4,33.8276923076923,10.938461538461539,0.5846153846153846,6.972307692307692,1.4,14.115384615384615
Serie A,Luca Gemello,it ITA,21,90.0,300000,3.0,0.0,3.0,100.0,0.2,6.0,24.0,25.0,31.0,1.0,67.7,47.8,3.0,100.0,56.3,10.0,0.0,0.0,1.0,21.0
Serie A,Etrit Berisha,al ALB,33,90.0,600000,4.117647058823529,1.3058823529411765,2.847058823529412,66.37529411764706,1.2541176470588236,5.776470588235294,13.976470588235294,41.19529411764706,21.6,5.152941176470589,36.91294117647059,34.048235294117646,7.988235294117647,71.80117647058823,50.01764705882354,13.776470588235295,0.5294117647058824,4.252941176470587,0.8823529411764706,13.663529411764706
Serie A,Carlo Pinsoglio,it ITA,32,41.0,300000,1.8,1.0,0.8,46.660000000000004,0.76,1.4,2.2,32.0,9.4,1.8,6.540000000000001,25.06,3.8,7.140000000000001,21.16,7.2,0.2,2.8600000000000003,0.2,8.0
Serie A,Mattia Perin,it ITA,29,89.2,4000000,4.418181818181818,1.2818181818181817,3.1818181818181817,71.27545454545455,1.3127272727272725,6.472727272727273,16.918181818181818,37.78272727272728,25.29090909090909,4.045454545454546,45.02,37.49272727272728,8.545454545454545,57.29636363636363,43.3790909090909,15.427272727272728,0.6,3.73,0.6454545454545455,11.333636363636364
Serie A,Vanja Milinković-Savić,rs SRB,25,89.68,3500000,3.54,1.22,2.3,66.01,1.066,6.62,23.06,29.264,32.82,3.96,52.22,41.842,6.82,86.46800000000002,65.46000000000001,11.42,0.66,6.398000000000001,1.18,13.804
Serie A,Rui Patrício,pt POR,34,89.98795180722891,5000000,3.6008771929824563,1.2017543859649122,2.43859649122807,66.03859649122806,1.042982456140351,5.206140350877193,11.982456140350877,44.891228070175444,16.55701754385965,3.442982456140351,45.27105263157895,36.30307017543859,6.868421052631579,62.04736842105263,42.020614035087725,13.096491228070175,0.44298245614035087,3.505263157894737,0.4517543859649123,10.254824561403508
Serie A,Francesco Rossi,it ITA,30,14.25,100000,1.25,0.75,0.5,25.0,0.425,1.25,2.25,83.325,4.75,0.75,52.075,37.849999999999994,1.0,6.25,9.825,1.0,0.0,0.0,0.0,4.5
Serie A,Marco Sportiello,it ITA,30,87.6923076923077,1500000,4.211538461538462,1.3461538461538463,2.855769230769231,66.13173076923077,1.2105769230769232,4.0,10.89423076923077,39.482692307692304,22.701923076923077,5.8076923076923075,28.27403846153846,31.267307692307693,7.471153846153846,53.83846153846154,42.51153846153846,13.548076923076923,0.6634615384615384,5.060576923076923,0.9230769230769231,12.951923076923077
Serie A,Juan Musso,ar ARG,28,89.1448275862069,16000000,4.386206896551724,1.3241379310344827,3.0827586206896553,72.22344827586207,1.313793103448276,5.510344827586207,12.606896551724137,43.679310344827584,21.517241379310345,4.731034482758621,36.187586206896555,33.398620689655175,8.26206896551724,54.61724137931034,41.4248275862069,14.351724137931035,0.6827586206896552,5.079999999999999,0.6551724137931034,12.12
Serie A,Gianluca Pegolo,it ITA,40,78.08333333333333,100000,4.25,1.0,3.4166666666666665,66.64166666666667,1.0583333333333333,2.8333333333333335,7.916666666666667,38.916666666666664,19.5,3.8333333333333335,28.45,28.875,7.75,35.766666666666666,29.866666666666664,12.166666666666666,0.3333333333333333,2.6833333333333336,0.5,9.241666666666667
Serie A,Andrea Consigli,it ITA,35,89.74611398963731,1500000,4.523316062176166,1.6062176165803108,2.922279792746114,64.739896373057,1.438860103626943,4.865284974093265,11.761658031088082,42.07668393782384,27.746113989637305,4.709844559585492,32.02590673575129,31.859067357512956,7.316062176165803,36.2658031088083,32.45906735751296,14.66839378238342,0.6062176165803109,4.2056994818652855,0.8238341968911918,12.97875647668394
Serie A,Antonio Mirante,it ITA,37,89.7258064516129,300000,4.225806451612903,1.2258064516129032,3.0161290322580645,72.38387096774193,1.2370967741935484,7.709677419354839,16.274193548387096,46.009677419354844,26.612903225806452,4.483870967741935,40.362903225806456,35.70000000000001,8.483870967741936,59.84193548387098,43.67580645161291,16.93548387096774,0.3387096774193548,1.7629032258064516,1.1935483870967742,13.441935483870965
Serie A,Mike Maignan,fr FRA,27,89.84180790960453,35000000,3.378531073446328,0.9322033898305084,2.4519774011299433,72.72429378531073,0.9677966101694913,4.271186440677966,12.067796610169491,37.53728813559322,24.418079096045197,5.1525423728813555,32.75310734463277,33.01073446327683,6.5875706214689265,55.684180790960454,45.62316384180791,12.209039548022599,0.7288135593220338,6.275706214689267,1.2090395480225988,14.63898305084746
Serie A,Ivan Provedel,it ITA,28,89.6043956043956,7000000,4.923076923076923,1.6923076923076923,3.2637362637362637,68.18021978021979,1.5043956043956048,5.802197802197802,16.01098901098901,37.56703296703297,33.10989010989011,4.802197802197802,37.28461538461539,35.527472527472526,6.637362637362638,51.99560439560439,43.45384615384616,13.901098901098901,0.5934065934065934,4.440659340659342,1.1978021978021978,13.962637362637361
Serie A,Luís Maximiano,pt POR,23,87.25,8000000,4.916666666666667,1.5277777777777777,3.388888888888889,66.10833333333332,1.5555555555555554,6.5,20.36111111111111,33.54444444444444,23.305555555555557,4.166666666666667,56.06944444444444,41.68055555555556,9.305555555555555,71.82499999999999,50.29166666666667,15.944444444444445,0.8055555555555556,5.269444444444444,1.5,17.033333333333335
Serie A,Eugenio Lamanna,it ITA,28,90.0,100000,3.0,1.0,2.0,66.7,2.1,8.0,14.0,57.1,14.0,1.0,50.0,42.3,8.0,87.5,56.6,17.0,0.0,0.0,0.0,9.0
Serie A,Michele Di Gregorio,it ITA,25,90.0,4500000,3.933333333333333,1.4666666666666666,2.533333333333333,66.03333333333333,1.48,3.6666666666666665,11.0,42.28666666666667,33.266666666666666,6.4,29.26666666666667,32.593333333333334,5.6,21.666666666666668,28.486666666666665,12.266666666666667,0.4666666666666667,3.3066666666666666,0.6666666666666666,10.82
Serie A,Alessio Cragno,it ITA,27,89.51315789473684,4000000,5.092105263157895,1.5657894736842106,3.513157894736842,70.26973684210526,1.530263157894737,7.368421052631579,16.855263157894736,44.262499999999996,21.86842105263158,4.125,45.330921052631574,36.382236842105264,9.013157894736842,69.2546052631579,47.98552631578948,15.710526315789474,0.6842105263157895,4.540131578947369,0.7105263157894737,11.833552631578948
Serie A,Davide Marfella,it ITA,22,11.0,50000,1.0,0.0,1.0,100.0,0.1,0.0,0.0,0.0,1.0,1.0,0.0,15.0,0.0,0.0,0.0,1.0,0.0,0.0,0.0,0.0
Serie A,Pierluigi Gollini,it ITA,27,87.85227272727273,5000000,3.191011235955056,1.0898876404494382,2.1235955056179776,64.94157303370785,1.0247191011235954,4.426966292134831,10.932584269662922,41.714606741573036,23.179775280898877,4.247191011235955,29.15280898876405,32.177528089887645,5.898876404494382,60.54269662921349,48.120224719101124,10.258426966292134,0.21348314606741572,2.2325842696629215,1.4719101123595506,16.237078651685394
Serie A,Alex Meret,it ITA,25,88.25,13000000,3.717391304347826,1.1304347826086956,2.5869565217391304,64.30217391304349,1.1206521739130435,2.4456521739130435,6.717391304347826,36.32065217391305,21.23913043478261,3.847826086956522,19.671739130434784,27.742391304347823,6.380434782608695,28.673913043478255,29.46413043478261,12.021739130434783,0.2826086956521739,2.5043478260869567,0.6304347826086957,13.053260869565218
Serie A,André Onana,cm CMR,26,90.0,14000000,3.7142857142857144,1.2857142857142858,2.4285714285714284,72.95714285714286,0.9571428571428571,4.428571428571429,12.142857142857142,38.42857142857143,31.857142857142858,5.142857142857143,28.74285714285714,29.87142857142857,8.428571428571429,34.714285714285715,37.98571428571428,14.0,0.7142857142857143,4.142857142857143,0.2857142857142857,14.700000000000001
Serie A,Alex Cordaz,it ITA,37,90.0,300000,5.5,2.1216216216216215,3.391891891891892,61.46621621621622,1.8351351351351348,6.851351351351352,19.16216216216216,35.690540540540546,26.45945945945946,3.5405405405405403,53.24594594594595,40.14594594594594,8.932432432432432,63.78108108108107,45.086486486486486,16.83783783783784,0.35135135135135137,2.2486486486486488,0.918918918918919,13.463513513513513
Premier League,Bernd Leno,de GER,30,89.0,10000000,4.4,1.35,3.08,70.4615,1.3075,3.465,10.945,32.098,27.13,5.39,27.0385,29.726500000000005,7.035,47.546499999999995,40.1105,13.285,0.66,5.09,1.19,14.2785
Premier League,Wayne Hennessey,wls WAL,34,89.10204081632654,500000,4.571428571428571,1.6142857142857143,2.9857142857142858,61.905714285714296,1.425714285714286,7.828571428571428,21.4,35.80714285714286,21.014285714285716,3.4857142857142858,66.37428571428572,46.668571428571425,8.528571428571428,89.31142857142858,64.51142857142857,16.757142857142856,0.8571428571428571,5.417142857142858,0.8142857142857143,11.764285714285714
Premier League,Keylor Navas,cr CRC,31,88.85185185185185,5000000,3.5,0.8611111111111112,2.6296296296296298,71.66666666666667,0.9731481481481481,2.1018518518518516,5.296296296296297,40.6175925925926,20.074074074074073,4.4907407407407405,17.21111111111111,27.65092592592593,6.138888888888889,26.21759259259259,31.699074074074073,10.601851851851851,0.23148148148148148,2.1796296296296296,0.9259259259259259,13.977777777777776
Premier League,Dean Henderson,eng ENG,25,89.296875,22000000,3.849056603773585,1.0566037735849056,2.7452830188679247,70.2820754716981,1.1377358490566036,5.820754716981132,19.349056603773583,29.381132075471704,22.433962264150942,3.9245283018867925,60.6066037735849,45.64622641509433,7.415094339622642,76.28962264150944,57.00094339622642,15.037735849056604,0.6698113207547169,4.982075471698113,0.9150943396226415,11.721698113207545
Premier League,Thomas Strakosha,al ALB,27,90.0,5000000,3.979020979020979,1.2097902097902098,2.797202797202797,71.23636363636363,1.2664335664335666,4.664335664335664,10.748251748251748,44.54965034965035,25.0,4.433566433566433,33.83846153846154,32.30419580419581,7.111888111888112,29.474825174825174,31.54895104895105,12.51048951048951,0.3776223776223776,2.790909090909091,0.7062937062937062,12.923076923076923
Premier League,David Raya,es ESP,26,90.0,22000000,4.910714285714286,1.2678571428571428,3.6785714285714284,72.39999999999999,1.2321428571428572,9.160714285714286,22.0,43.198214285714286,36.19642857142857,5.071428571428571,46.425000000000004,37.464285714285715,8.053571428571429,66.41250000000001,49.84285714285714,15.821428571428571,1.3214285714285714,9.216071428571428,1.5714285714285714,14.680357142857142
Premier League,Jason Steele,eng ENG,31,90.0,600000,5.0,2.0,3.0,60.0,1.6,2.0,6.0,33.3,32.0,2.0,9.4,23.9,6.0,50.0,40.0,16.0,0.0,0.0,0.0,9.3
Premier League,Robert Sánchez,es ESP,24,89.9873417721519,32000000,3.6370967741935485,1.1612903225806452,2.524193548387097,69.31209677419355,1.0338709677419353,4.612903225806452,14.693548387096774,32.601612903225806,33.685483870967744,4.596774193548387,33.974999999999994,34.01532258064517,6.298387096774194,52.91209677419354,42.762903225806454,12.911290322580646,1.1048387096774193,8.220967741935484,0.9838709677419355,13.674193548387096
Premier League,Sam Johnstone,eng ENG,27,90.0,6000000,6.258620689655173,2.0,4.310344827586207,71.78103448275863,1.8603448275862067,8.0,24.448275862068964,33.515517241379314,26.620689655172413,4.655172413793103,65.13103448275862,45.77758620689655,8.086206896551724,84.75172413793103,56.23448275862069,17.74137931034483,0.5689655172413793,2.886206896551724,1.0344827586206897,13.408620689655173
Premier League,Vicente Guaita,es ESP,35,89.46470588235294,1500000,4.026717557251908,1.248091603053435,2.7938931297709924,68.12442748091603,1.1473282442748092,5.5,16.568702290076335,34.64160305343512,22.14885496183206,4.465648854961832,48.72175572519083,38.124427480916026,7.950381679389313,70.39923664122136,49.33473282442748,15.129770992366412,0.6603053435114504,4.320992366412213,0.8664122137404581,11.6587786259542
Premier League,Darren Randolph,ie IRL,33,90.0,500000,4.666666666666667,2.0,2.6666666666666665,66.66666666666667,1.5333333333333334,5.333333333333333,13.833333333333334,38.13333333333333,13.0,1.5,62.85,43.75,7.5,77.51666666666667,50.616666666666674,16.333333333333332,0.0,0.0,1.1666666666666667,14.35
Premier League,Mark Travers,ie IRL,23,85.9090909090909,2000000,5.357142857142857,2.7857142857142856,2.7857142857142856,61.4,1.9714285714285715,6.642857142857143,15.428571428571429,43.35714285714285,19.142857142857142,4.214285714285714,43.121428571428574,35.82857142857143,10.142857142857142,67.97142857142858,51.12857142857143,20.0,0.42857142857142855,2.0785714285714287,0.7142857142857143,11.414285714285715
Premier League,Neto,br BRA,33,89.48275862068965,2500000,4.044444444444444,1.011111111111111,3.022222222222222,76.08555555555556,1.228888888888889,4.966666666666667,13.677777777777777,37.95333333333333,18.57777777777778,4.555555555555555,43.76444444444444,37.181111111111115,8.066666666666666,68.1211111111111,50.15888888888888,16.38888888888889,0.5222222222222223,2.9077777777777776,0.5111111111111111,10.281111111111112
Premier League,José Sá,pt POR,29,89.13461538461539,18000000,4.202702702702703,1.1081081081081081,3.081081081081081,75.09324324324325,1.2108108108108107,3.1621621621621623,10.702702702702704,31.056756756756755,23.175675675675677,5.472972972972973,34.54054054054055,33.59864864864865,6.8108108108108105,43.19459459459459,37.27162162162162,14.702702702702704,1.2162162162162162,8.60945945945946,0.972972972972973,12.424324324324324
Premier League,Adrián,es ESP,33,86.51515151515152,1000000,4.441860465116279,1.6744186046511629,2.813953488372093,61.23488372093023,1.344186046511628,5.6976744186046515,16.558139534883722,36.193023255813955,21.13953488372093,3.7209302325581395,56.795348837209296,41.50697674418605,7.72093023255814,62.66046511627907,45.888372093023264,13.651162790697674,0.5813953488372093,4.506976744186046,1.6744186046511629,14.611627906976741
Premier League,Caoimhín Kelleher,ie IRL,22,90.0,8000000,3.3333333333333335,0.5,2.8333333333333335,90.28333333333335,0.9166666666666666,1.0,6.0,20.03333333333333,31.166666666666668,5.5,16.933333333333334,25.3,6.166666666666667,19.116666666666667,25.7,11.5,0.3333333333333333,2.1,1.1666666666666667,16.633333333333333
Premier League,Alisson,br BRA,29,89.63978494623656,50000000,3.094736842105263,0.8,2.287719298245614,70.53508771929825,0.8785964912280703,3.3157894736842106,7.4,46.1919298245614,29.971929824561403,5.698245614035088,18.7459649122807,27.51824561403509,5.298245614035087,29.695087719298247,32.98421052631579,10.171929824561403,0.47719298245614034,5.874035087719298,2.1333333333333333,17.849122807017544
Premier League,Fraser Forster,eng ENG,34,90.0,1500000,4.938461538461539,1.646153846153846,3.3076923076923075,64.41230769230769,1.5,4.984615384615385,17.6,29.046153846153846,22.307692307692307,3.3692307692307693,53.895384615384614,40.40923076923077,7.3538461538461535,76.56153846153846,52.31538461538462,14.584615384615384,0.7846153846153846,5.584615384615384,1.2153846153846153,11.989230769230769
Premier League,Hugo Lloris,fr FRA,35,89.54143646408839,7000000,3.7868217054263567,1.0348837209302326,2.7751937984496124,69.97286821705427,1.0864341085271316,3.852713178294574,9.511627906976743,40.973643410852716,22.4031007751938,4.612403100775194,31.725193798449613,31.837984496124033,6.8023255813953485,32.805426356589145,30.631782945736433,13.631782945736434,0.6395348837209303,5.363565891472867,1.1511627906976745,12.177906976744184
Premier League,Alphonse Areola,fr FRA,29,89.27722772277228,8000000,3.5775862068965516,1.0172413793103448,2.5775862068965516,70.22155172413794,1.0724137931034483,2.9051724137931036,7.275862068965517,41.689655172413794,20.03448275862069,4.706896551724138,23.311206896551724,27.123275862068958,6.844827586206897,35.362931034482756,33.75431034482759,12.594827586206897,0.5689655172413793,5.182758620689653,0.9741379310344828,12.996551724137932
Premier League,Tom Heaton,eng ENG,33,88.5813953488372,600000,4.639344262295082,1.5245901639344261,3.2295081967213113,67.17049180327868,1.3016393442622949,7.344262295081967,20.540983606557376,36.3016393442623,21.81967213114754,3.9836065573770494,61.559016393442626,43.398360655737704,8.934426229508198,75.85081967213114,54.42950819672131,17.37704918032787,0.47540983606557374,2.865573770491803,1.098360655737705,12.429508196721311
Premier League,Jack Butland,eng ENG,29,88.97727272727273,1500000,5.3090909090909095,1.6363636363636365,3.7454545454545456,63.738181818181815,1.6436363636363631,9.654545454545454,25.363636363636363,37.230909090909094,26.2,2.9454545454545453,67.4090909090909,46.50181818181819,9.218181818181819,82.81272727272727,58.19454545454545,17.145454545454545,0.9272727272727272,5.052727272727274,1.0545454545454545,13.212727272727276
Premier League,David de Gea,es ESP,31,89.76439790575917,15000000,4.007168458781362,1.1971326164874552,2.85663082437276,70.85806451612902,1.1519713261648745,3.956989247311828,10.799283154121865,36.43870967741936,18.8673835125448,3.781362007168459,34.34014336917563,33.11075268817204,7.326164874551972,49.369892473118284,39.78530465949821,13.100358422939069,0.24372759856630824,2.018279569892473,0.7132616487455197,11.287455197132616
Premier League,Loris Karius,de GER,24,90.0,1500000,2.161290322580645,0.6451612903225806,1.5161290322580645,73.38709677419355,0.6064516129032257,3.6451612903225805,11.580645161290322,30.916129032258056,26.903225806451612,5.225806451612903,34.84516129032258,33.11290322580644,5.064516129032258,53.0258064516129,45.85161290322581,9.903225806451612,0.45161290322580644,4.5,1.7096774193548387,13.609677419354838
Premier League,Nick Pope,eng ENG,30,89.77564102564102,18000000,4.37037037037037,1.1728395061728396,3.2098765432098766,72.63004115226337,1.1855967078189302,7.802469135802469,22.156378600823047,35.10658436213992,23.0,4.42798353909465,66.02674897119341,46.099999999999994,7.481481481481482,87.45802469135802,60.94814814814815,16.25925925925926,1.3045267489711934,7.757613168724279,1.7613168724279835,15.797942386831274
Premier League,Martin Dúbravka,sk SVK,33,90.0,4000000,4.226130653266332,1.2864321608040201,2.9648241206030153,69.3643216080402,1.307035175879397,7.060301507537688,18.693467336683415,39.0110552763819,21.92964824120603,3.512562814070352,52.73969849246232,39.47738693467336,8.618090452261306,84.16633165829145,57.3175879396985,16.949748743718594,0.8793969849246231,5.492964824120603,0.7788944723618091,11.06030150753769
Premier League,Robin Olsen,se SWE,32,89.24528301886792,2000000,4.844827586206897,1.5862068965517242,3.310344827586207,70.29310344827586,1.4586206896551728,5.206896551724138,13.724137931034482,40.81896551724139,22.051724137931036,4.741379310344827,40.775862068965516,36.52758620689655,8.586206896551724,53.610344827586204,44.23793103448276,15.672413793103448,0.6379310344827587,3.805172413793103,0.6206896551724138,12.118965517241381
Premier League,Emiliano Martínez,ar ARG,29,89.07766990291262,28000000,4.26875,1.225,3.04375,74.05499999999999,1.1731250000000002,5.03125,13.625,36.40625,25.1,4.5125,39.8175,35.146249999999995,6.69375,45.55,38.285000000000004,14.125,1.11875,8.466249999999999,0.80625,11.8875
Premier League,Jed Steer,eng ENG,28,48.5,600000,1.3333333333333333,1.0,0.3333333333333333,8.333333333333334,0.7333333333333334,1.0,4.333333333333333,9.1,11.333333333333334,2.3333333333333335,9.366666666666667,27.46666666666667,2.6666666666666665,77.76666666666667,53.73333333333333,4.333333333333333,0.3333333333333333,3.033333333333333,0.3333333333333333,5.433333333333334
Premier League,Willy Caballero,ar ARG,40,90.0,200000,3.2857142857142856,1.4761904761904763,1.9047619047619047,52.38571428571428,0.9380952380952381,4.809523809523809,11.380952380952381,43.823809523809516,25.523809523809526,2.857142857142857,31.95714285714285,31.452380952380945,5.761904761904762,50.18095238095238,39.46666666666667,10.761904761904763,0.3333333333333333,2.2571428571428576,1.380952380952381,13.066666666666666
Premier League,Alex McCarthy,eng ENG,32,90.0,2000000,4.473118279569892,1.6559139784946237,2.860215053763441,64.25967741935484,1.4118279569892473,5.145161290322581,16.865591397849464,30.49838709677419,22.801075268817204,3.5376344086021505,53.434946236559135,39.45215053763441,6.67741935483871,77.2478494623656,52.67903225806451,14.731182795698924,0.8387096774193549,5.176881720430107,0.7204301075268817,10.71774193548387
Premier League,Gavin Bazunu,ie IRL,20,90.0,15000000,4.136363636363637,1.8181818181818181,2.409090909090909,53.8909090909091,1.263636363636364,8.045454545454545,21.681818181818183,36.91363636363636,31.727272727272727,4.454545454545454,55.881818181818176,40.736363636363635,6.409090909090909,64.76363636363637,49.56818181818182,13.590909090909092,1.2727272727272727,10.44090909090909,1.6363636363636365,13.16818181818182
Premier League,Jordan Pickford,eng ENG,28,89.75257731958763,28000000,4.294915254237288,1.3864406779661016,2.9389830508474577,65.21389830508475,1.3471186440677965,7.461016949152542,20.71186440677966,36.45389830508475,27.477966101694914,4.3254237288135595,56.335254237288126,42.80542372881356,7.359322033898305,71.5,54.44,14.047457627118645,0.5423728813559322,3.7389830508474575,1.0677966101694916,13.407796610169491
Ligue 1,Alexandre Olliero,fr FRA,23,90.0,700000,1.0,1.0,0.0,100.0,1.0,4.0,9.0,44.4,20.0,4.0,30.0,37.6,3.0,100.0,77.0,11.0,0.0,0.0,2.0,18.3
Ligue 1,Yehvann Diouf,fr FRA,22,85.5,1000000,4.7,0.8,3.9,87.69,1.1400000000000001,4.0,11.5,33.739999999999995,22.9,6.4,35.599999999999994,34.71,6.8,50.46999999999999,40.970000000000006,16.8,1.2,6.469999999999999,0.7,11.69
Ligue 1,Jessy Moulin,fr FRA,36,88.80434782608695,250000,3.9347826086956523,1.326086956521739,2.6739130434782608,67.65652173913044,1.1608695652173913,4.043478260869565,12.630434782608695,34.29782608695652,23.782608695652176,5.195652173913044,33.380434782608695,35.03478260869566,7.913043478260869,53.915217391304346,44.48695652173913,14.0,0.782608695652174,6.876086956521739,0.5,12.289130434782608
Ligue 1,Gauthier Gallon,fr FRA,29,90.0,2000000,4.465116279069767,1.6511627906976745,2.9069767441860463,65.22093023255815,1.4534883720930232,4.976744186046512,12.976744186046512,36.818604651162794,24.790697674418606,4.8604651162790695,34.979069767441864,32.95348837209303,7.744186046511628,46.97441860465116,36.439534883720924,13.186046511627907,0.6511627906976745,4.502325581395348,0.6976744186046512,12.474418604651165
Ligue 1,Mateusz Lis,pl POL,25,90.0,1000000,5.666666666666667,1.6666666666666667,3.6666666666666665,81.89999999999999,2.266666666666667,4.666666666666667,16.0,28.5,21.333333333333332,2.6666666666666665,57.43333333333334,42.833333333333336,13.333333333333334,33.333333333333336,30.600000000000005,16.333333333333332,0.3333333333333333,1.8666666666666665,1.0,20.333333333333332
Ligue 1,Maxime Dupé,fr FRA,29,88.14814814814815,2000000,4.62962962962963,1.7407407407407407,2.740740740740741,63.85925925925926,1.62962962962963,5.407407407407407,13.703703703703704,41.62592592592593,24.77777777777778,4.2592592592592595,37.48148148148148,34.1,7.37037037037037,66.1148148148148,47.97037037037038,14.185185185185185,0.8518518518518519,6.162962962962963,0.9629629629629629,11.766666666666666
Ligue 1,Eiji Kawashima,jp JPN,38,89.25454545454545,200000,4.7272727272727275,1.6545454545454545,3.036363636363636,68.55818181818181,1.598181818181818,7.8,18.527272727272727,44.39818181818181,22.236363636363638,4.254545454545455,52.40363636363636,40.632727272727266,8.2,79.96000000000001,55.530909090909084,14.254545454545454,0.38181818181818183,2.632727272727273,0.8,12.356363636363637
Ligue 1,Matz Sels,be BEL,30,90.0,8000000,3.9754098360655736,1.3278688524590163,2.639344262295082,68.4844262295082,1.2114754098360656,5.836065573770492,14.573770491803279,41.65573770491804,21.75409836065574,4.401639344262295,43.778688524590166,36.923770491803275,7.319672131147541,62.333606557377045,47.431147540983595,13.672131147540984,0.6475409836065574,4.603278688524591,0.8114754098360656,11.123770491803278
Ligue 1,Vito Mannone,it ITA,34,88.9090909090909,300000,3.8181818181818183,1.4545454545454546,2.3636363636363638,66.66363636363636,1.3090909090909089,4.363636363636363,13.363636363636363,32.49090909090909,24.636363636363637,2.727272727272727,34.13636363636363,33.07272727272726,7.0,63.2,47.27272727272727,12.545454545454545,0.18181818181818182,1.3,1.0909090909090908,15.409090909090908
Ligue 1,Julian Pollersbeck,de GER,27,72.66666666666667,600000,4.5,1.3125,3.1875,69.69999999999999,1.425,4.0,12.6875,37.18125,38.75,4.625,32.00625,32.849999999999994,6.1875,36.04375,37.66875,10.0625,1.0625,11.706249999999999,1.375,15.993749999999999
Ligue 1,Yvon Mvogo,ch SUI,28,84.42857142857143,3500000,4.052631578947368,1.3157894736842106,2.789473684210526,67.36315789473684,1.068421052631579,4.578947368421052,11.31578947368421,48.1578947368421,23.473684210526315,3.6842105263157894,32.01578947368421,30.426315789473687,6.7368421052631575,46.852631578947374,36.74736842105263,16.789473684210527,0.7368421052631579,4.078947368421052,0.7368421052631579,10.489473684210527
Ligue 1,Yahia Fofana,fr FRA,22,90.0,2500000,5.0,1.875,3.125,64.4875,1.625,3.25,11.375,33.875,23.75,6.125,34.325,33.2875,6.625,45.625,39.85,13.125,1.375,8.85,0.625,11.787500000000001
Ligue 1,Paul Bernardoni,fr FRA,25,89.66428571428571,5000000,4.357142857142857,1.6357142857142857,2.757142857142857,67.81428571428572,1.4721428571428572,4.764285714285714,14.464285714285714,34.12428571428571,20.614285714285714,4.978571428571429,43.54357142857143,36.39428571428572,7.357142857142857,66.99857142857142,48.56285714285715,12.57857142857143,0.7571428571428571,6.3757142857142854,1.0785714285714285,12.910714285714286
Premier League,Illan Meslier,fr FRA,22,89.58620689655173,22000000,5.481751824817518,1.854014598540146,3.664233576642336,68.17372262773722,1.5029197080291972,2.5985401459854014,9.671532846715328,28.138686131386862,28.598540145985403,7.109489051094891,25.96642335766423,29.04014598540146,6.956204379562044,30.837226277372263,30.47737226277372,11.562043795620438,0.6423357664233577,4.841605839416058,1.0656934306569343,13.724087591240874
Premier League,Kristoffer Klaesson,no NOR,21,36.0,2000000,4.0,0.0,4.0,100.0,0.6,1.0,3.0,33.3,8.0,2.0,25.0,30.4,3.0,33.3,28.7,7.0,0.0,0.0,2.0,23.7
Ligue 1,Donovan Léon,gf GUF,26,61.5,600000,5.5,1.5,4.0,85.7,2.15,4.0,10.0,51.0,17.0,4.0,33.35,33.2,4.0,63.35,43.95,15.0,1.0,4.0,0.0,2.65
Premier League,Joel Robles,es ESP,30,88.51785714285714,1200000,3.7857142857142856,1.3928571428571428,2.4285714285714284,65.64107142857144,1.3517857142857144,4.5,13.214285714285714,33.73571428571429,26.839285714285715,4.285714285714286,36.8,33.95178571428571,6.857142857142857,39.14642857142858,35.62678571428571,13.089285714285714,0.375,2.894642857142857,1.6964285714285714,16.794642857142854
Ligue 1,Ouparine Djoco,sn SEN,23,88.16666666666667,600000,4.125,1.5,2.7083333333333335,66.61666666666666,1.1833333333333333,3.8333333333333335,12.583333333333334,33.37916666666666,24.333333333333332,4.458333333333333,35.525,33.15,6.416666666666667,52.4375,38.13333333333333,12.666666666666666,0.9583333333333334,6.808333333333334,1.1666666666666667,14.570833333333333
Ligue 1,Mory Diaw,sn SEN,29,90.0,1500000,5.266666666666667,1.5333333333333334,3.6,77.64666666666668,1.9266666666666667,6.4,16.0,34.693333333333335,28.2,5.266666666666667,42.61333333333333,38.26,7.333333333333333,47.88666666666667,42.04,13.533333333333333,0.9333333333333333,7.06,0.5333333333333333,10.7
Ligue 1,Rémy Riou,fr FRA,34,82.75,400000,3.0,1.0,2.0,82.5,0.925,2.0,5.25,35.725,25.0,5.25,15.875,26.95,6.0,22.75,26.0,10.25,1.25,13.200000000000001,1.25,16.225
Ligue 1,Anthony Lopes,pt POR,31,89.20224719101124,9000000,3.848314606741573,1.1573033707865168,2.747191011235955,70.1938202247191,1.0707865168539326,3.601123595505618,8.662921348314606,43.0438202247191,24.53370786516854,4.938202247191011,25.14831460674157,29.89101123595506,6.825842696629214,31.28932584269663,34.00505617977528,12.640449438202246,0.43258426966292135,3.59438202247191,0.9943820224719101,14.268539325842697
Ligue 1,Steve Mandanda,fr FRA,37,88.31506849315069,1500000,3.4657534246575343,1.1027397260273972,2.3835616438356166,65.23904109589041,1.0342465753424657,4.5,12.883561643835616,37.24452054794521,26.08219178082192,4.568493150684931,36.14520547945206,33.928082191780824,6.376712328767123,49.86643835616438,40.384246575342466,12.356164383561644,0.726027397260274,5.656849315068492,0.8767123287671232,12.446575342465755
Ligue 1,Romain Salin,fr FRA,37,90.0,300000,3.8,1.05,2.7,68.925,0.9800000000000001,5.05,12.95,40.65,27.45,5.15,29.109999999999996,31.1,8.05,57.61,45.19500000000001,13.0,0.25,2.9000000000000004,2.15,17.595000000000002
Ligue 1,Rubén Blanco,es ESP,25,88.80392156862744,3000000,3.950980392156863,1.4215686274509804,2.5392156862745097,60.71764705882353,1.2950980392156861,5.7745098039215685,16.362745098039216,35.305882352941175,24.980392156862745,4.0,43.37745098039217,36.741176470588236,8.176470588235293,66.17058823529412,49.076470588235296,14.490196078431373,0.39215686274509803,3.036274509803922,0.7745098039215687,10.784313725490197
Ligue 1,Pau López,es ESP,25,89.2516129032258,12000000,3.890322580645161,1.2193548387096773,2.6774193548387095,70.5509677419355,1.235483870967742,3.967741935483871,10.561290322580644,39.09870967741936,28.903225806451612,5.109677419354838,27.255483870967744,30.6116129032258,6.638709677419355,43.05161290322581,38.47225806451613,11.470967741935484,0.6064516129032258,5.32258064516129,1.2838709677419355,15.410322580645161
Ligue 1,Alexandre Letellier,fr FRA,31,84.14285714285714,400000,3.142857142857143,1.2142857142857142,2.0,58.69285714285714,1.0285714285714285,6.428571428571429,14.428571428571429,43.67857142857143,16.714285714285715,4.285714285714286,43.45,37.371428571428574,7.357142857142857,78.12142857142855,57.07857142857142,13.428571428571429,0.2857142857142857,2.8000000000000003,0.35714285714285715,11.421428571428573
Ligue 1,Sergio Rico,es ESP,25,87.9875,4000000,4.865979381443299,1.7835051546391754,3.11340206185567,61.71134020618557,1.5721649484536082,6.350515463917525,15.742268041237113,36.981443298969076,19.61855670103093,3.5876288659793816,47.41649484536083,37.08350515463918,8.1340206185567,66.91237113402062,48.43298969072166,14.845360824742269,0.29896907216494845,1.9896907216494846,0.6701030927835051,11.208247422680413
Ligue 1,Thomas Didillon,fr FRA,21,90.0,1200000,3.888888888888889,1.5555555555555556,2.4444444444444446,59.78888888888889,1.5111111111111113,8.11111111111111,18.333333333333332,42.422222222222224,21.555555555555557,5.111111111111111,50.67777777777778,40.9,8.777777777777779,86.32222222222222,55.833333333333336,16.11111111111111,1.3333333333333333,12.4,1.1111111111111112,13.066666666666666
Ligue 1,Alexander Nübel,de GER,25,90.0,10000000,4.292929292929293,1.3333333333333333,3.01010101010101,67.3868686868687,1.3161616161616163,5.0606060606060606,13.202020202020202,41.55050505050505,24.22222222222222,4.252525252525253,35.868686868686865,33.95757575757575,7.646464646464646,58.17878787878789,44.67878787878788,12.191919191919192,0.6868686868686869,6.072727272727273,0.98989898989899,14.296969696969699
Ligue 1,Gianluigi Donnarumma,it ITA,21,88.93820224719101,50000000,3.5898876404494384,1.0056179775280898,2.5730337078651684,68.6129213483146,0.9932584269662922,3.8707865168539324,8.758426966292134,45.94101123595506,24.651685393258425,4.769662921348314,23.389887640449437,27.91966292134832,6.713483146067416,36.21348314606742,32.67359550561798,13.303370786516854,0.6067415730337079,4.943820224719101,1.050561797752809,13.37247191011236
Premier League,Marcus Bettinelli,eng ENG,26,90.0,2000000,5.8,3.0,2.7,42.39,2.7,9.8,21.2,45.95,25.8,4.6,49.75,37.35,9.7,87.49000000000001,55.15,17.0,0.1,0.71,1.7,14.870000000000001
Premier League,Edouard Mendy,sn SEN,30,89.33823529411765,25000000,3.1595744680851063,0.9148936170212766,2.2606382978723403,69.03989361702128,0.9053191489361702,3.7127659574468086,9.308510638297872,38.66489361702128,24.617021276595743,4.170212765957447,26.543085106382975,29.37872340425532,5.941489361702128,38.32127659574468,32.50904255319149,12.601063829787234,0.7659574468085106,6.766489361702127,0.9840425531914894,13.070744680851066
Premier League,Kepa Arrizabalaga,es ESP,27,89.22413793103448,15000000,3.4662576687116564,1.2208588957055215,2.2699386503067487,65.51779141104294,1.1276073619631903,4.147239263803681,9.558282208588958,39.36196319018405,26.496932515337424,4.4969325153374236,25.206748466257668,29.749693251533735,6.3496932515337425,41.155214723926385,37.28957055214724,10.83435582822086,0.5521472392638037,5.1294478527607374,1.0613496932515338,14.21717791411043
Ligue 1,Joaquín Blázquez,ar ARG,21,90.0,500000,3.0,0.0,3.0,100.0,0.2,8.0,13.0,61.5,18.0,3.0,61.1,45.7,11.0,18.2,26.3,11.0,2.0,18.2,0.0,3.5
Ligue 1,Brice Samba,cg CGO,28,89.2280701754386,8000000,4.491228070175438,1.1929824561403508,3.3157894736842106,75.11929824561403,1.4736842105263157,8.105263157894736,17.771929824561404,47.9859649122807,25.210526315789473,4.56140350877193,51.05789473684211,39.108771929824556,7.157894736842105,65.2,46.487719298245615,14.0,0.8947368421052632,6.517543859649122,0.7017543859649122,12.307017543859649
Ligue 1,Jean-Louis Leca,fr FRA,35,87.90625,300000,3.6875,1.3125,2.40625,66.18125,1.1609375,4.59375,11.765625,41.02343749999999,20.296875,4.28125,40.8984375,33.892187500000006,7.125,39.9671875,35.51718749999999,12.078125,0.546875,6.471875,0.828125,13.353125
Ligue 1,Marco Bizot,nl NED,31,90.0,4000000,4.634615384615385,1.6346153846153846,3.019230769230769,67.35000000000001,1.4807692307692308,6.711538461538462,14.961538461538462,44.87692307692306,22.115384615384617,5.019230769230769,41.2326923076923,36.62884615384615,8.153846153846153,65.05576923076923,48.77884615384615,13.403846153846153,0.46153846153846156,3.3346153846153848,0.8461538461538461,10.949999999999998
Premier League,Scott Carson,eng ENG,35,90.0,250000,5.0,3.0,1.0,60.0,2.4,0.0,1.0,0.0,14.0,6.0,0.0,18.9,2.0,50.0,29.5,10.0,0.0,0.0,0.0,16.5
Ligue 1,Kasper Schmeichel,dk DEN,35,89.9746192893401,2500000,3.8836363636363638,1.3054545454545454,2.5745454545454547,68.09127272727272,1.1894545454545455,5.643636363636364,13.676363636363636,43.01745454545454,25.44727272727273,4.032727272727273,37.81890909090909,35.120363636363635,6.796363636363636,50.145818181818186,41.603272727272724,13.33090909090909,0.45454545454545453,3.4890909090909092,0.8836363636363637,13.697454545454546
Ligue 1,Benoît Costil,fr FRA,35,90.0,1500000,4.206703910614525,1.5083798882681565,2.6815642458100557,64.95921787709497,1.3268156424581006,6.687150837988827,15.94413407821229,43.48770949720671,24.71508379888268,3.664804469273743,41.579888268156424,36.38882681564246,8.29050279329609,65.0877094972067,47.322905027932954,14.620111731843576,0.49162011173184356,3.564245810055866,0.9050279329608939,13.236312849162012
Bundesliga,Ralf Fährmann,de GER,31,21.0,400000,4.797297297297297,1.5405405405405406,3.27027027027027,66.37837837837837,1.362162162162162,5.1891891891891895,14.337837837837839,37.76081081081081,23.68918918918919,4.297297297297297,41.1,36.372972972972974,7.324324324324325,60.13108108108108,44.87027027027027,13.95945945945946,1.027027027027027,7.186486486486486,0.7972972972972973,12.01081081081081
Ligue 1,Lucas Chevalier,fr FRA,20,90.0,5000000,3.5555555555555554,1.1111111111111112,2.4444444444444446,79.26666666666667,0.9333333333333331,2.3333333333333335,11.666666666666666,20.46666666666667,25.11111111111111,3.888888888888889,37.72222222222222,34.67777777777778,4.0,52.31111111111111,38.96666666666667,11.88888888888889,1.1111111111111112,9.222222222222223,0.5555555555555556,10.866666666666667
Bundesliga,Patrick Pentz,at AUT,25,90.0,1500000,4.142857142857143,2.0,2.2857142857142856,61.199999999999996,1.7142857142857142,4.142857142857143,13.428571428571429,30.871428571428574,21.714285714285715,3.5714285714285716,46.24285714285715,36.98571428571429,8.428571428571429,42.24285714285714,37.885714285714286,14.714285714285714,1.1428571428571428,7.685714285714285,0.5714285714285714,13.442857142857141
Bundesliga,Kevin Trapp,de GER,27,90.0,8500000,4.625899280575539,1.525179856115108,3.143884892086331,65.42877697841728,1.39568345323741,6.496402877697841,16.87769784172662,38.32374100719424,30.381294964028775,4.237410071942446,42.821582733812946,35.139568345323745,7.223021582733813,51.50215827338129,43.23525179856116,13.29496402877698,0.5755395683453237,4.808633093525181,1.2733812949640289,14.707194244604317
Premier League,Aaron Ramsdale,eng ENG,24,90.0,30000000,4.427184466019417,1.4223300970873787,3.0242718446601944,69.81116504854369,1.316990291262136,5.135922330097087,16.844660194174757,30.378155339805833,24.83495145631068,4.242718446601942,49.34514563106796,39.393689320388354,6.218446601941747,77.15679611650485,57.29708737864078,13.830097087378642,0.6941747572815534,5.507281553398058,1.1310679611650485,11.973300970873787
Bundesliga,Jonas Omlin,ch SUI,28,86.65714285714286,7000000,5.114285714285714,1.5285714285714285,3.6142857142857143,67.24857142857141,1.565714285714286,5.271428571428571,12.8,41.582857142857144,25.62857142857143,5.814285714285714,32.72857142857143,32.392857142857146,8.157142857142857,49.82,41.27571428571429,14.942857142857143,1.042857142857143,6.567142857142858,0.7571428571428571,12.372857142857141
Ligue 1,Rémy Descamps,fr FRA,26,90.0,800000,6.0,1.0,5.0,83.3,1.5,5.0,9.0,55.6,20.0,9.0,25.0,33.2,6.0,66.7,46.5,11.0,1.0,9.1,0.0,7.0
Ligue 1,Alban Lafont,fr FRA,19,89.75661375661376,16000000,4.058201058201059,1.3174603174603174,2.746031746031746,67.06825396825397,1.2534391534391534,5.777777777777778,16.275132275132275,35.598941798941794,23.402116402116402,4.275132275132275,46.32063492063493,38.331216931216936,7.550264550264551,70.39735449735448,50.83333333333334,14.100529100529101,0.5873015873015873,4.2862433862433855,1.291005291005291,14.467195767195768
Ligue 1,Matis Carvalho,pt POR,23,69.33333333333333,300000,5.333333333333333,2.3333333333333335,3.3333333333333335,37.5,1.5333333333333332,6.0,20.0,29.166666666666668,18.666666666666668,2.6666666666666665,72.66666666666667,48.1,7.666666666666667,84.13333333333333,55.63333333333333,16.0,0.6666666666666666,3.6999999999999997,0.0,7.433333333333334
Ligue 1,Bingourou Kamara,sn SEN,25,88.09375,800000,4.46875,1.78125,2.6875,60.846875,1.440625,6.375,16.5,39.46875,22.9375,4.4375,43.8,36.846875,8.09375,77.503125,52.915625,13.375,0.71875,4.846875000000001,0.5,11.6125
Ligue 1,Dimitry Bertaud,fr FRA,23,77.66666666666667,1500000,4.375,1.4166666666666667,2.9583333333333335,58.69166666666667,1.3208333333333333,6.708333333333333,14.708333333333334,42.65833333333333,22.0,5.083333333333333,39.65416666666667,34.775,8.291666666666666,58.708333333333336,45.06666666666666,12.708333333333334,0.75,4.3875,0.375,9.583333333333334
Ligue 1,Benjamin Lecomte,fr FRA,31,89.99285714285715,4000000,3.5785714285714287,1.1428571428571428,2.4642857142857144,67.0157142857143,1.0935714285714286,6.271428571428571,14.585714285714285,44.442142857142855,25.185714285714287,4.771428571428571,41.96642857142857,36.497857142857136,7.128571428571429,54.689285714285724,43.34571428571428,13.042857142857143,0.7357142857142858,5.922142857142856,1.25,14.64714285714286
Laliga,David Gil,es ESP,26,90.0,700000,4.25,2.5,1.75,47.5,1.5250000000000001,8.0,26.0,30.95,21.25,2.25,80.4,52.75,9.25,97.225,64.375,15.5,0.5,2.0,0.25,10.0
Laliga,Sergio Herrera,es ESP,29,89.31632653061224,8000000,3.9693877551020407,1.2857142857142858,2.663265306122449,67.9326530612245,1.269387755102041,10.357142857142858,24.602040816326532,42.30612244897959,25.316326530612244,2.683673469387755,70.00816326530612,47.2030612244898,8.10204081632653,85.89081632653061,58.107142857142854,14.510204081632653,0.7551020408163265,5.4326530612244905,1.8265306122448979,15.931632653061223
Laliga,Aitor Fernández,es ESP,31,89.95918367346938,2500000,5.122448979591836,1.5408163265306123,3.5918367346938775,68.4530612244898,1.4489795918367347,4.642857142857143,12.795918367346939,37.21938775510205,22.275510204081634,5.224489795918367,40.8234693877551,36.4765306122449,8.306122448979592,43.16632653061225,37.52755102040817,14.642857142857142,0.42857142857142855,3.2132653061224494,1.469387755102041,14.52857142857143
Laliga,Axel Werner,ar ARG,22,90.0,800000,5.0,2.2857142857142856,2.857142857142857,53.32857142857143,1.642857142857143,6.0,20.857142857142858,29.071428571428573,17.428571428571427,2.2857142857142856,63.27142857142858,43.214285714285715,10.285714285714286,90.84285714285714,59.32857142857142,13.142857142857142,0.14285714285714285,0.9,0.2857142857142857,4.6000000000000005
Laliga,Édgar Badía,es ESP,30,90.0,4000000,5.102941176470588,1.6470588235294117,3.3823529411764706,71.96323529411765,1.848529411764706,7.073529411764706,15.397058823529411,44.64558823529411,26.558823529411764,4.588235294117647,37.33529411764706,34.536764705882355,8.838235294117647,61.970588235294116,44.37205882352941,15.602941176470589,0.4852941176470588,2.9823529411764707,1.1029411764705883,13.630882352941178
Laliga,Julen Agirrezabala,es ESP,20,90.0,5000000,5.0,1.25,3.75,78.275,1.25,3.25,7.75,46.95,14.0,3.0,32.4,32.475,6.5,49.05,37.6,12.0,0.25,2.275,1.5,20.125
Laliga,Unai Simón,es ESP,25,89.45238095238095,25000000,3.1904761904761907,1.007936507936508,2.2063492063492065,66.92857142857143,1.0047619047619047,5.896825396825397,14.380952380952381,40.93571428571429,22.325396825396826,5.23015873015873,39.42698412698413,35.82539682539683,7.253968253968254,68.2547619047619,50.78492063492063,14.523809523809524,0.6825396825396826,4.85952380952381,0.9206349206349206,13.235714285714284
Laliga,Kiko Casilla,es ESP,34,90.0,400000,3.6551724137931036,1.103448275862069,2.586206896551724,69.14827586206897,1.1310344827586207,3.8620689655172415,10.724137931034482,36.186206896551724,22.517241379310345,5.482758620689655,29.320689655172412,31.727586206896554,8.862068965517242,39.47586206896552,36.6,13.241379310344827,0.6551724137931034,4.86896551724138,0.7241379310344828,12.713793103448275
Laliga,Diego Conde,es ESP,23,6.0,300000,0.0,0.0,0.0,0.0,0.0,0.0,6.0,0.0,4.0,0.0,100.0,61.0,2.0,100.0,68.0,5.0,1.0,20.0,0.0,5.0
Laliga,David Soria,es ESP,29,89.45882352941176,10000000,3.4352941176470586,1.0705882352941176,2.3823529411764706,68.25882352941177,1.0776470588235294,9.235294117647058,23.24705882352941,40.02882352941176,22.31764705882353,1.9411764705882353,74.82470588235294,48.59294117647058,7.311764705882353,85.92999999999999,55.67235294117646,12.758823529411766,0.6,5.50235294117647,1.3235294117647058,14.813529411764707
Laliga,Paulo Gazzaniga,ar ARG,27,89.79411764705883,2500000,4.086956521739131,1.173913043478261,2.9347826086956523,69.8,1.1630434782608696,4.543478260869565,14.543478260869565,33.832608695652176,22.82608695652174,3.5217391304347827,39.482608695652175,35.42826086956522,7.804347826086956,68.70434782608694,52.039130434782614,14.304347826086957,0.5869565217391305,3.8173913043478254,0.9347826086956522,13.93478260869565
Laliga,Joan García,es ESP,20,54.0,400000,1.5,1.5,0.0,0.0,0.5,2.0,5.0,37.5,16.0,4.5,41.050000000000004,35.8,1.0,50.0,35.5,8.0,0.0,0.0,2.5,18.5
Laliga,Fernando Pacheco,es ESP,30,88.77456647398844,3000000,4.167630057803469,1.4566473988439306,2.6878612716763004,65.09421965317918,1.3774566473988439,8.77456647398844,19.45086705202312,45.54739884393064,20.398843930635838,2.7630057803468207,61.65491329479768,42.82832369942197,8.728323699421965,79.21445086705202,52.307514450867046,15.520231213872833,0.5028901734104047,3.4421965317919074,0.8786127167630058,12.095953757225432
Laliga,Stole Dimitrievski,mk MKD,28,89.72307692307692,4000000,4.076923076923077,1.3076923076923077,2.753846153846154,70.55538461538463,1.34,5.584615384615384,16.246153846153845,35.87692307692308,22.476923076923075,5.153846153846154,48.73076923076923,39.49538461538461,7.707692307692308,64.1076923076923,48.91538461538462,13.815384615384616,0.7076923076923077,5.141538461538461,1.0769230769230769,13.606153846153846
Laliga,Jordi Masip,es ESP,33,90.0,1000000,4.105769230769231,1.3269230769230769,2.730769230769231,69.21153846153847,1.3923076923076925,6.576923076923077,20.5,33.00961538461539,22.60576923076923,4.038461538461538,56.90384615384615,42.06346153846154,9.278846153846153,78.52884615384616,55.26923076923077,15.85576923076923,0.38461538461538464,2.6298076923076925,0.5,10.701923076923077
Laliga,Predrag Rajković,rs SRB,26,89.61206896551724,10000000,3.939655172413793,1.0689655172413792,2.8189655172413794,71.4301724137931,1.15948275862069,4.887931034482759,15.0,34.644827586206894,27.75,4.818965517241379,38.28793103448275,35.83017241379311,8.310344827586206,51.30948275862069,42.43620689655172,15.913793103448276,0.7155172413793104,4.524137931034482,1.0,13.125862068965516
Laliga,Sergio Asenjo,es ESP,33,90.0,2500000,4.102941176470588,1.2647058823529411,2.838235294117647,66.45294117647059,1.2375,4.6838235294117645,12.661764705882353,38.45514705882353,22.75,4.801470588235294,35.98602941176471,34.380147058823525,8.264705882352942,56.54779411764706,44.546323529411765,16.919117647058822,0.6911764705882353,4.184558823529412,1.0147058823529411,12.552941176470586
Laliga,Dominik Greif,sk SVK,24,90.0,1500000,6.0,3.0,3.0,50.0,1.5,1.0,10.0,10.0,21.0,6.0,33.3,34.1,10.0,30.0,32.7,13.0,0.0,0.0,1.0,12.5
Laliga,Iago Herrerín,es ESP,31,89.43181818181819,500000,3.090909090909091,1.0681818181818181,2.0,68.53636363636363,0.9772727272727271,10.136363636363637,23.181818181818183,43.5,25.636363636363637,3.272727272727273,65.31363636363636,45.52045454545454,6.909090909090909,90.825,62.054545454545455,13.659090909090908,0.6818181818181818,4.486363636363635,0.9772727272727273,15.54090909090909
Laliga,Jaume Doménech,es ESP,31,89.23214285714286,1500000,4.571428571428571,1.3392857142857142,3.25,71.87500000000001,1.2767857142857142,6.964285714285714,15.607142857142858,43.28750000000001,21.732142857142858,4.053571428571429,43.1875,35.489285714285714,8.410714285714286,69.64821428571429,48.88035714285714,16.5,0.375,2.585714285714286,0.5892857142857143,11.008928571428571
Laliga,Giorgi Mamardashvili,ge GEO,21,90.0,25000000,3.9375,1.09375,2.90625,76.428125,1.125,5.03125,13.4375,37.265625,22.03125,4.0,45.684375,36.796875,6.625,58.14375,44.215625,14.0,0.8125,5.762500000000001,1.4375,14.265625
Laliga,Jan Oblak,si SVN,29,89.735,40000000,3.165,0.78,2.415,69.98,0.897,5.23,15.075,36.428000000000004,17.945,3.29,51.5745,39.799499999999995,7.725,71.3225,50.1065,13.75,0.545,3.7129999999999996,0.53,11.5845
Laliga,Andriy Lunin,ua UKR,23,82.27272727272727,4000000,3.6363636363636362,0.8181818181818182,2.6363636363636362,76.64545454545456,1.1545454545454545,4.454545454545454,9.090909090909092,45.74545454545455,23.09090909090909,5.0,23.5,27.381818181818186,7.2727272727272725,53.7,46.199999999999996,10.454545454545455,0.36363636363636365,2.1,0.36363636363636365,10.954545454545455
Laliga,Thibaut Courtois,be BEL,25,90.0,60000000,3.2378378378378376,0.8918918918918919,2.3513513513513513,72.73027027027027,0.9491891891891893,2.8972972972972975,8.956756756756757,35.52648648648648,26.767567567567568,6.032432432432432,24.105945945945948,30.64864864864865,6.1891891891891895,36.884324324324325,38.55567567567568,12.194594594594594,0.7189189189189189,7.389729729729729,0.8864864864864865,13.04918918918919
Laliga,Marc-André ter Stegen,de GER,30,90.0,30000000,3.2180851063829787,0.8882978723404256,2.3351063829787235,72.11063829787234,0.9319148936170212,3.356382978723404,6.952127659574468,52.172872340425535,29.409574468085108,4.930851063829787,16.077659574468086,26.751063829787235,5.962765957446808,32.598404255319146,34.44787234042553,10.22872340425532,0.4308510638297872,4.648936170212766,1.0053191489361701,14.02127659574468
Laliga,Claudio Bravo,cl CHI,36,87.15217391304348,1000000,3.411764705882353,1.1372549019607843,2.3137254901960786,65.12745098039215,1.0627450980392157,5.431372549019608,14.588235294117647,39.72941176470588,24.784313725490197,3.9607843137254903,42.53921568627451,36.15686274509804,6.235294117647059,61.61176470588235,46.31176470588235,14.07843137254902,0.45098039215686275,3.256862745098039,0.6666666666666666,11.431372549019608
Laliga,Rui Silva,pt POR,28,89.84158415841584,15000000,3.99009900990099,1.2772277227722773,2.6732673267326734,70.69504950495049,1.2524752475247523,7.217821782178218,19.683168316831683,36.331683168316836,26.11881188118812,3.297029702970297,51.85643564356435,39.97623762376238,8.277227722772277,69.62178217821783,50.64851485148516,14.455445544554456,0.594059405940594,4.184158415841584,1.702970297029703,15.644554455445546
Laliga,Agustín Marchesín,ar ARG,34,90.0,3000000,4.142857142857143,1.8571428571428572,2.2142857142857144,53.128571428571426,1.2785714285714285,4.857142857142857,13.428571428571429,39.42142857142857,25.142857142857142,3.642857142857143,39.357142857142854,35.25,7.071428571428571,45.214285714285715,41.15714285714286,12.642857142857142,0.6428571428571429,7.257142857142857,1.3571428571428572,17.12142857142857
Laliga,Marko Dmitrović,rs SRB,30,89.46043165467626,5000000,3.553956834532374,1.3453237410071943,2.2158273381294964,63.21438848920863,1.2237410071942447,8.23021582733813,22.755395683453237,37.174100719424466,24.9568345323741,2.776978417266187,68.53525179856115,49.537410071942446,6.467625899280575,89.67985611510791,67.23021582733813,10.913669064748202,0.60431654676259,6.312230215827337,2.1007194244604315,17.099999999999998
Laliga,Iván Villar,es ESP,23,82.44,1200000,3.52,1.4,2.12,72.324,1.236,4.52,15.12,30.184,22.52,3.4,46.14800000000001,37.571999999999996,8.0,63.696000000000005,48.544,14.52,0.32,2.1319999999999997,1.4,12.62
Laliga,Álex Remiro,es ESP,27,90.0,25000000,3.25,1.0625,2.1607142857142856,69.41160714285715,0.9812500000000001,5.669642857142857,13.75,42.472321428571426,28.339285714285715,3.4285714285714284,34.833035714285714,33.7875,6.133928571428571,60.5955357142857,47.75982142857142,12.071428571428571,0.35714285714285715,3.508035714285714,1.3214285714285714,13.879464285714286
Laliga,Pepe Reina,es ESP,38,89.6938775510204,700000,3.5,1.303921568627451,2.196078431372549,60.59411764705883,1.106862745098039,4.764705882352941,10.598039215686274,45.616666666666674,28.225490196078432,4.549019607843137,28.805882352941175,31.19117647058824,6.166666666666667,33.56372549019608,32.94607843137254,11.754901960784315,0.43137254901960786,3.493137254901961,1.0588235294117647,14.021568627450979
